#,Name,Comments 1,Quarter,Down,Distance,Field Position,P/10,SY/GL,Red Area,Drive #,Drive Play #,Gain,R/P,Hash,Personnel,Backfield,Formation,Form Var,Motion,Starting Form,FIB,Endover,Form Adj Reduce,Y Location,Pass Concept,Pass Result,Run Concept,Run Strength,Play Type,Proctection,Front,Front Type,Stunt,Pressure Type,Coverage,2M/4M,BC/REC,QB,RB,TE,WR,Tempo,pff_OFFPERSONNELBASIC,pff_RUNPASS,pff_DRIVEPLAY,pff_HASHDEF,pff_PREVIOUSGAINLOSS,pff_GAINLOSS,pff_SCREEN,pff_QUICKGAME,pff_RUNCONCEPT3,pff_RUNCONCEPTPRIMARY,pff_PENALTY,pff_TOUCHDOWN,pff_TRICKLOOK,pff_TRICKPLAY,pff_TEMPO,pff_2MINUTE,pff_GARBAGETIME,pff_BALLCARRIER,pff_QB,pff_RBS,pff_WRS,pff_TES,pff_FRONTTYPE,pff_OFFFORMATIONGROUP,pff_RUNPASSOPTION,pff_PREVIOUSRUNPASS,pff_PASSRECEIVERTARGET,pff_BLITZDOG,pff_PASSCOVERAGEBASIC
112,"26 01 ALSO D vs LASE, Play 001",,1,0,10,'-20,P,,,1,1,17,P,L,12,GF,TREY U OFF BUNCH,,T RELOAD,EMPTY 3x2 Y OFF BUNCH,,,,WING PRO,SPACING,COMPLETE,,,QK,MAN,SOLID,4 MAN,,,,,,,,,,,12,P,,L,59,17,0,1,,,,,0,0,0,0,0,LASE 85,LASE 06,05,04; 14,85; 88,ODD,3x1,0,,LASE 85,1,COVER 3
19,"26 01 ALSO D vs LASE, Play 002",,1,1,10,'-37,1,,,1,2,0,X,LM,12,,,,,,,,,,,,,,,,EVEN,4 MAN,,,,,,,,,,,12,X,,C,17,0,0,,,,FST,,0,0,1,0,0,,LASE 06,05,04; 14,85; 88,WIDE OVER,2x2,0,P,,0,
94,"26 01 ALSO D vs LASE, Play 003",,1,1,15,'-32,1,,,1,3,3,R,LM,12,DOT,KING U OFF BUNCH,,,,,,,SLOT,,,SPL ZN,WEAK,ZN,,EVEN,4 MAN,,,,,,,,,,,12,R,,C,,3,0,,,INSIDE ZONE,,,0,0,0,0,0,LASE 05,LASE 06,05; 30,04; 17,85,WIDE UNDER,3x1,0,,,0,COVER 3
158,"26 01 ALSO D vs LASE, Play 004",,1,2,12,'-35,2,,,1,4,0,P,R,12,GEMP,EMPTY 3x2,,SHIFT,TREY Y OFF BUNCH,,,,OPEN,SPACING,INCOMPLETE,,,QK,HALF MAN,BENCH,4 MAN,,,,,,,,,,,12,P,,R,3,0,0,0,,,,,0,0,0,0,0,,LASE 06,02,04; 14,85; 88,WIDE OVER,2x3,0,R,LASE 02,1,COVER 3
138,"26 01 ALSO D vs LASE, Play 005",,1,3,12,'-35,3,,,1,5,0,P,R,11,GF,TRIPS OPEN,,,,,,,OPEN,OPTION Y,INTERCEPTION,,,QK,MAN,BENCH,4 MAN,,,,,,,,,,,11,P,,R,,0,0,1,,,,,0,0,0,0,0,,LASE 06,02,04; 14; 82,88,WIDE UNDER,1x3,0,P,LASE 82,1,COVER 1
66,"26 01 ALSO D vs LASE, Play 006",,1,0,10,'-24,P,,,2,1,0,P,L,11,GN,DUO Y OFF,STK,,,,,,OFF,HITCH,INCOMPLETE,,,QK,GAP,BENCH,4 MAN,,,,,,,,,,,11,P,,L,61,0,0,1,,COUNTER,,,0,0,0,0,0,,LASE 06,33,04; 14; 82,85,OVER,2x2,1,,LASE 14,1,COVER 3
79,"26 01 ALSO D vs LASE, Play 007",,1,2,10,'-24,2,,,2,2,3,P,L,12,GN,TRIPS V BUNCH,,,,,,,ON/OPEN,NOW SCR,COMPLETE,,,SCR,SLD LT,EVEN,4 MAN,,,,,,,,,,,12,P,,L,,3,0,0,,INSIDE ZONE,,,0,0,0,0,0,LASE 04,LASE 06,33,04; 14,85; 88,WIDE OVER,3x1,1,P,LASE 04,1,COVER 3
20,"26 01 ALSO D vs LASE, Play 008",,1,3,7,'-27,3,,,2,3,0,P,R,10,GN,DOUBLES,,,,,,,,OVER,INCOMPLETE,,,DB,MAN,OKIE,3 MAN,,,,,,,,,,,10,P,,R,3,0,0,0,,,,,0,0,0,0,0,,LASE 06,33,04; 14; 17; 82,,ODD,2x2,0,P,LASE 04,0,COVER 1
110,"26 01 ALSO D vs LASE, Play 009",,1,0,10,'-24,P,,,3,1,'-2,R,L,22,GF,KING,,R MTR,,,,,PRO,,,OT CTR,STR,GAP,,BENCH,4 MAN,,,,,,,,,,,22,R,,L,57,'-2,0,,,COUNTER,,,0,0,0,0,0,LASE 33,LASE 06,02; 33,04,85; 88,ODD,3x1,0,,,1,COVER 3
125,"26 01 ALSO D vs LASE, Play 010",,1,2,12,'-22,2,,,3,2,54,P,RM,20,GS,SLOT,,R SWING,,,,,,THROWBACK SCR,COMPLETE,,,SCR,SCREEN,BENCH,4 MAN,,,,,,,,,,,20,P,,R,'-2,54,1,0,,UNDEFINED,ALSO D02 FMM,,0,0,0,0,0,LASE 33,LASE 06,02; 33,04; 09; 14,,WIDE OVER,1x3,0,R,LASE 33,0,COVER 3
1,"26 01 ALSO D vs LASE, Play 011",,1,1,10,'+12,1,,RA,3,3,0,P,L,12,GF,KING U OFF,,Z MTR,,,,,SLOT,Y FLAT SCR,INCOMPLETE,,,SPR,QK SET,BENCH,4 MAN,,,,,,,,,,,12,P,,L,54,0,0,0,,INSIDE ZONE,,,0,0,0,0,0,,LASE 06,33,04; 17,85; 88,OVER,3x1,1,P,LASE 88,0,COVER 1
55,"26 01 ALSO D vs LASE, Play 012",,1,2,10,'+12,2,,RA,3,4,12,P,L,11,GN,DUO YH OFF,,X REV,DUO Y OFF,,,,OFF,SPOT,COMPLETE,,,DB,MAN,BENCH,4 MAN,,,,,,,,,,,11,P,,L,,12,0,0,,,,LASE 88,0,0,0,0,0,LASE 88,LASE 06,33,04; 09; 14,88,OVER,2x2,0,P,LASE 88,0,COVER 3
126,"26 01 ALSO D vs LASE, Play 013",,2,0,10,'+49,P,,,4,1,9,P,R,20,GS,SLOT,,,,,,,OPEN,PICK FLAT,COMPLETE,,,SPR,FL SLD RT,BENCH,4 MAN,,,,,,,,,,,20,P,,R,'-9,9,0,0,,,,,0,0,0,0,0,LASE 09,LASE 06,02; 05,04; 09; 14,,WIDE OVER,1x2,0,P,LASE 09,1,COVER 2
80,"26 01 ALSO D vs LASE, Play 014",,2,2,1,'+40,2,,,4,2,10,R,L,12,GN,TRIPS V BUNCH,,,,,,,ON/OPEN,,,IZ,WEAK,ZN,,BENCH,4 MAN,,,,,,,,,,,12,R,,L,9,10,0,,,INSIDE ZONE,,,0,0,0,0,0,LASE 05,LASE 06,05,04; 14,85; 88,OVER,3x1,1,P,,1,COVER 3 CLOUD
113,"26 01 ALSO D vs LASE, Play 015",,2,1,10,'+30,1,,,4,3,'-10,P,M,11,GEMP,EMPTY 3x2,,,,,,,OPEN,H UNDER,SACK,,,QK,MAN,JOKER,3 MAN,,,,,,,,,,,11,P,,C,10,'-10,0,1,,,,,0,0,0,0,0,LASE 06,LASE 06,02,04; 09; 14,88,OVER,2x3,0,R,,1,COVER 4
56,"26 01 ALSO D vs LASE, Play 016",,2,2,20,'+40,2,,,4,4,2,P,RM,11,GF,TREY Y OFF,,Y MISSILE,DUO Y OFF,,,,OFF,TUNNEL SCR,COMPLETE,,,SCR,GAP,JACK,4 MAN,,,,,,,,,,,11,P,,R,'-10,2,1,0,,POWER,,,0,0,0,0,0,LASE 09,LASE 06,02,04; 09; 14,88,ODD,1x3,0,P,LASE 09,1,COVER 4
159,"26 01 ALSO D vs LASE, Play 017",,2,3,18,'+38,3,,,4,5,8,R,L,11,GN,TREY Y OFF,,,,,,,OFF,,,IZ,WEAK,ZN,,SOLID,5 MAN,,,,,,,,,,,11,R,,L,2,8,0,,,MAN,,,0,0,0,0,0,LASE 02,LASE 06,02,04; 09; 14,88,BEAR,3x1,0,P,,1,COVER 6
21,"26 01 ALSO D vs LASE, Play 018",,2,0,10,'+49,P,,,5,1,8,P,M,11,GF,DOUBLES,,T SWING,,,,,OPEN,SPOT,COMPLETE,,,QK,MAN,EVEN,4 MAN,,,,,,,,,,,11,P,,C,'-1,8,0,1,,,,,0,0,0,0,0,LASE 04,LASE 06,33,04; 09; 14,88,WIDE UNDER,2x3,0,R,LASE 04,0,COVER 3 SEAM
67,"26 01 ALSO D vs LASE, Play 019",,2,2,2,'+41,2,,,5,2,'-1,R,R,11,GN,DUO Y OFF,STK,BUZZ,,,,,OFF,,,CY CTR,WEAK,GAP,,BENCH,4 MAN,,,,,,,,,,,11,R,,R,8,'-1,0,,,COUNTER,,,0,0,0,0,0,LASE 33,LASE 06,33,04; 09; 14,88,OVER,2x2,0,P,,1,COVER 2
95,"26 01 ALSO D vs LASE, Play 020",,2,3,3,'+42,3,SY,,5,3,0,P,R,12,GEMP,EMPTY 3x2 V BUNCH,,SHIFT,KING U OFF BUNCH,,,,OPEN,Z UNDER,INCOMPLETE,,,SCR,MAN,EVEN,4 MAN,,,,,,,,,,,12,P,,R,'-1,0,0,1,,,,,0,0,0,0,0,,LASE 06,33,04; 14,85; 88,WIDE OVER,2x3,0,R,LASE 04,1,COVER 4
2,"26 01 ALSO D vs LASE, Play 021",,2,0,10,'-35,P,,,6,1,2,R,L,12,GF,KING U OFF,,Z MTR,ACE U OFF,,,,SLOT,,,IZ,STR,ZN,,BENCH,4 MAN,,,,,,,,,,,12,R,,L,50,2,0,,,MAN,,,0,0,0,0,0,LASE 05,LASE 06,05,04; 14,85; 88,OVER,3x1,1,,,1,COVER 3 CLOUD
160,"26 01 ALSO D vs LASE, Play 022",,2,2,8,'-37,2,,,6,2,6,R,L,11,GN,TREY Y OFF,,,,,,,OFF,,,IZ,STR,ZN,,BEAR,5 MAN,,,,,,,,,,,11,R,,L,2,6,0,,,MAN,,,0,0,0,0,0,LASE 05,LASE 06,05,04; 09; 14,88,BEAR,3x1,0,R,,0,COVER 3
219,"26 01 ALSO D vs LASE, Play 023",,2,3,2,'-43,3,SY,,6,3,1,R,LM,12,GF,KING U OFF,ENDOVER/STK,U FR,TREY ENDOVER,,,,WING SLOT,,,IZ SS,STR,ZN,,BENCH,4 MAN,,,,,,,,,,,12,R,,L,6,1,0,,,MAN,,,0,0,0,0,0,LASE 05,LASE 06,05,04; 14,85; 88,OVER,3x1,1,R,,0,COVER 4
201,"26 01 ALSO D vs LASE, Play 024",,2,4,1,'-44,4,SY,,6,4,0,R,LM,12,DOT,ACE U OFF X STING,,U MO/X NR,ACE U OFF,,,,PRO,,,BELLY DIVE,WEAK,DIVE,,BENCH,4 MAN,,,,,,,,,,,12,R,,C,1,0,0,,,MAN,,,0,0,0,0,0,LASE 05,LASE 06,05,04; 14,85; 88,OVER,2x2,0,R,,0,COVER 3
3,"26 01 ALSO D vs LASE, Play 025",,3,0,10,'-35,P,,,7,1,11,P,L,12,GN,KING U OFF,,Z MTR,ACE U OFF,,,,SLOT,Y FLAT SCR,COMPLETE,,,SCR,SCREEN,SOLID,4 MAN,,,,,,,,,,,12,P,,L,70,11,1,0,,INSIDE ZONE,,,0,0,0,0,0,LASE 88,LASE 06,33,04; 14,85; 88,ODD,3x1,1,,LASE 88,1,COVER 2
127,"26 01 ALSO D vs LASE, Play 026",,3,1,10,'-46,1,,,7,2,23,P,R,20,GS,SLOT,,,,,,,,91,COMPLETE,,,SPR,FL SLD RT,BENCH,4 MAN,,,,,,,,,,,20,P,,R,11,23,0,0,,,,,0,0,0,0,0,LASE 82,LASE 06,05; 33,04; 14; 82,,OVER,1x2,0,P,LASE 82,1,COVER 2
96,"26 01 ALSO D vs LASE, Play 027",,3,1,10,'+31,1,,,7,3,24,P,L,22,GN,KING U OFF,,R MTR,,,,,SLOT,VERT WHEEL,COMPLETE,,,DB,MAN,BENCH,4 MAN,,,,,,,,,,,22,P,,L,23,24,0,0,,TRICK,,,0,0,0,0,0,LASE 88,LASE 06,02; 33,04,85; 88,OVER,3x1,0,P,LASE 88,0,COVER 3 CLOUD
97,"26 01 ALSO D vs LASE, Play 028",,3,1,7,'+7,1,,RA,7,4,7,P,L,12,GF,KING U OFF,,Z RETURN,,,,,SLOT,Y FLAT SCR,COMPLETE,,,SCR,SCREEN,EVEN,4 MAN,,,,,,,,,,,12,P,,L,24,7,1,0,,INSIDE ZONE,,LASE 88,0,0,0,0,0,LASE 88,LASE 06,33,04; 14,85; 88,WIDE UNDER,3x1,1,P,LASE 88,1,COVER 0
215,"26 01 ALSO D vs LASE, Play 029",,3,0,10,'-12,P,,,8,1,15,R,R,12,GF,TREY BUNCH,ENDOVER,,,,X,,WING SLOT,,,OZ,STR,ZN,,JACK,4 MAN,,,,,,,,,,,12,R,,R,65,15,0,,,OUTSIDE ZONE,,,0,0,0,0,0,LASE 02,LASE 06,02; 30,04; 14,85,ODD,0x4,0,,,1,COVER 3 CLOUD
22,"26 01 ALSO D vs LASE, Play 030",,3,1,10,'-27,1,,,8,2,4,P,L,12,GN,DOUBLES,,T SWING,,,,,OPEN,SWING SCR,LATERAL,,,SCR,SCREEN,STACK,3 MAN,,,,,,,,,,,12,P,,L,15,4,1,1,,,LASE 85 OH,,0,0,0,0,0,LASE 02,LASE 06,02,04; 14,85; 88,ODD,3x2,0,R,,1,COVER 4
114,"26 01 ALSO D vs LASE, Play 031",,3,1,20,'-17,1,,,8,3,0,P,L,12,GEMP,EMPTY 3x2,,,,,,,OPEN,OPTION Z,INTERCEPTION,,,QK,SLD RT,STACK,3 MAN,,,,,,,,,,,12,P,,L,4,0,0,1,,,,,0,0,0,0,0,,LASE 06,05,04; 82,85; 88,ODD,3x2,0,P,LASE 05,1,COVER 4
81,"26 01 ALSO D vs LASE, Play 032",,3,0,10,'-23,P,,,9,1,3,R,L,12,GN,TRIPS V BUNCH,,,,,,,ON/OPEN,,,IZ,WEAK,ZN,,BENCH,4 MAN,,,,,,,,,,,12,R,,L,60,3,0,,,INSIDE ZONE,,,0,0,0,0,0,LASE 33,LASE 06,33,04; 14,85; 88,ODD,3x1,0,,,0,COVER 4
216,"26 01 ALSO D vs LASE, Play 033",,3,2,7,'-26,2,,,9,2,'-13,R,M,22,DOT,TREY BUNCH FIB,ENDOVER,,,,X,,WING SLOT,,,REVERSE,WEAK,TRICK,,,4 MAN,,,,,,,,,,,22,R,,C,3,'-13,0,,,TRICK,,,0,1,0,0,0,LASE 06,LASE 06,02; 30; 33,04,85,OVER,4x0,0,R,,0,COVER 4
139,"26 01 ALSO D vs LASE, Play 034",,3,3,20,'-13,3,,,9,3,0,P,L,11,GF,TRIPS OPEN,,,,,,,OPEN,HITCH,BATTED PASS,,,QK,SLD LT,OKIE,3 MAN,,,,,,,,,,,11,P,,L,'-13,0,0,1,,,,,0,0,0,0,0,,LASE 06,33,04; 09; 14,85,ODD,3x1,0,R,,1,COVER 4
90,"26 01 ALSO D vs LASE, Play 035",,4,0,10,'-20,P,,,10,1,20,R,L,12,GN,TWINS U STING,,,,,,,WING SLOT,,,IZ,WEAK,ZN,,EVEN,4 MAN,,,,,,,,,,,12,R,,L,58,20,0,,,MAN,,,0,0,0,0,0,LASE 05,LASE 06,05; 30,14; 80,85,WIDE OVER,2x2,0,,,0,COVER 4
194,"26 01 ALSO D vs LASE, Play 036",,4,1,10,'-40,1,,,10,2,16,P,L,11,GN,TREY Y OFF FIB,,Y RETURN,,,,,OFF,THROWBACK SCR,COMPLETE,,,SCR,SCREEN,BENCH,5 MAN,,,,,,,,,,,11,P,,L,20,16,1,0,,,,,0,0,0,0,0,LASE 33,LASE 06,33,14; 80; 82,88,BEAR,1x3,0,R,LASE 33,1,COVER 2
217,"26 01 ALSO D vs LASE, Play 037",,4,1,10,'+44,1,,,10,3,5,R,LM,12,GN,TWINS U STING,,TRADE,TREY U STING,,,,WING SLOT,,,IZ SS,STR,ZN,,BENCH,4 MAN,,,,,,,,,,,12,R,,C,16,5,0,,,MAN,,,0,0,0,0,0,LASE 33,LASE 06,33,14; 80,85; 88,WIDE UNDER,2x2,0,P,,1,COVER 3
218,"26 01 ALSO D vs LASE, Play 038",,4,2,5,'+39,2,,,10,4,2,R,RM,12,GN,TREY U STING,ENDOVER,BUZZ,,,,,WING SLOT,,,IZ,STR,ZN,,BENCH,4 MAN,,,,,,,,,,,12,R,,C,5,2,0,,,MAN,,,0,0,0,0,0,LASE 33,LASE 06,33,14; 80,85; 88,WIDE OVER,0x4,0,R,,1,COVER 1
98,"26 01 ALSO D vs LASE, Play 039",,4,3,3,'+37,3,SY,,10,5,'-4,R,RM,12,GF,KING U OFF,,,,,,,SLOT,,,IZ,STR,ZN,,JACK,4 MAN,,,,,,,,,,,12,R,,R,2,'-4,0,,,MAN,,,0,0,0,0,0,LASE 05,LASE 06,05; 30,14; 80,88,ODD,1x3,0,R,,1,COVER 3 CLOUD
128,"26 02 ALSO D @ LATU, Play 001",,1,1,10,'-25,P,,,1,1,0,,,,,,,,,,,,,,COMPLETE,,,,,,,,,,,,,,,,,20,P,,R,70,19,0,0,,INSIDE ZONE,,,0,0,0,0,0,LATU 16,LATU 03,00; 12,02; 05; 16,,ODD,1x3,0,,LATU 16,0,COVER 3
129,"26 02 ALSO D @ LATU, Play 002",,1,1,10,'-44,1,,,1,2,0,,,,,,,,,,,,,,,,,,,,,,,,,,,,,,,20,R,,R,19,7,0,,,INSIDE ZONE,,,0,0,1,0,0,LATU 12,LATU 03,00; 12,02; 05; 16,,ODD,1x2,1,P,,0,COVER 4
130,"26 02 ALSO D @ LATU, Play 003",,1,2,3,'+49,2,,,1,3,0,,,,,,,,,,,,,,INCOMPLETE,,,,,,,,,,,,,,,,,20,P,,R,7,0,0,0,,,,,0,0,0,0,0,,LATU 03,00; 12,02; 05; 16,,ODD,1x2,0,R,LATU 16,1,COVER 4
82,"26 02 ALSO D @ LATU, Play 004",,1,3,3,'+49,3,,,1,4,0,,,,,,,,,,,,,,COMPLETE,,,,,,,,,,,,,,,,,11,P,,R,,8,0,1,,,,,0,0,0,0,0,LATU 16,LATU 03,06,02; 05; 16,19,WIDE OVER,1x3,0,P,LATU 16,1,COVER 1
68,"26 02 ALSO D @ LATU, Play 005",,1,1,10,'+41,1,,,1,5,0,,,,,,,,,,,,,,,,,,,,,,,,,,,,,,,11,R,,R,8,'-1,0,,,COUNTER,,,0,0,0,0,0,LATU 06,LATU 03,06,02; 05; 16,19,WIDE OVER,2x2,1,P,,1,COVER 3
195,"26 02 ALSO D @ LATU, Play 006",,1,2,11,'+42,2,,,1,6,0,,,,,,,,,,,,,,INCOMPLETE,,,,,,,,,,,,,,,,,11,P,,C,'-1,0,0,0,,,,,0,0,0,0,0,,LATU 03,06,08; 17; 84,19,UNDER,2x2,0,R,LATU 08,1,COVER 2
57,"26 02 ALSO D @ LATU, Play 007",,1,3,11,'+42,3,,,1,7,0,,,,,,,,,,,,,,COMPLETE,,,,,,,,,,,,,,,,,11,P,,C,,1,0,0,,,(D) LATU 60 OH,,0,0,0,0,0,LATU 19,LATU 03,06,02; 05; 16,19,ODD,2x2,0,P,LATU 19,1,COVER 6
140,"26 02 ALSO D @ LATU, Play 008",,1,1,10,'-16,P,,,2,1,0,,,,,,,,,,,,,,COMPLETE,,,,,,,,,,,,,,,,,11,P,,L,62,5,0,1,,,,,0,0,0,0,0,LATU 02,LATU 03,00,02; 05; 16,13,BEAR,4x1,0,,LATU 02,0,COVER 4
161,"26 02 ALSO D @ LATU, Play 009",,1,2,5,'-21,2,,,2,2,0,,,,,,,,,,,,,,,,,,,,,,,,,,,,,,,11,R,,L,5,0,0,,,INSIDE ZONE,,,0,0,0,0,0,LATU 00,LATU 03,00,02; 05; 16,13,WIDE OVER,2x2,0,P,,1,COVER 3
83,"26 02 ALSO D @ LATU, Play 010",,1,3,5,'-21,3,,,2,3,0,,,,,,,,,,,,,,COMPLETE,,,,,,,,,,,,,,,,,11,P,,R,0,11,0,0,,,,,0,0,0,0,0,LATU 02,LATU 03,00,02; 05; 16,13,OVER,1x3,0,R,LATU 02,1,COVER 2
58,"26 02 ALSO D @ LATU, Play 011",,1,1,10,'-32,1,,,2,4,0,,,,,,,,,,,,,,RUN,,,,,,,,,,,,,,,,,11,P,,R,11,3,0,0,,INSIDE ZONE,,,0,0,1,0,0,LATU 03,LATU 03,00,02; 05; 16,13,WIDE OVER,2x2,1,P,,1,COVER 3
11,"26 02 ALSO D @ LATU, Play 012",,1,2,7,'-35,2,,,2,5,0,,,,,,,,,,,,,,,,,,,,,,,,,,,,,,,12,R,,R,3,32,0,,,OUTSIDE ZONE,,,0,0,0,0,0,LATU 12,LATU 03,12,08; 17,13; 80,WIDE UNDER,2x2,1,P,,1,COVER 2
162,"26 02 ALSO D @ LATU, Play 013",,1,1,10,'+33,1,,,2,6,0,,,,,,,,,,,,,,BATTED PASS,,,,,,,,,,,,,,,,,12,P,,L,32,0,0,0,,,,,0,0,0,0,0,,LATU 03,12,08; 17,13; 80,ODD,3x1,0,R,,1,COVER 3
131,"26 02 ALSO D @ LATU, Play 014",,1,2,10,'+33,2,,,2,7,0,,,,,,,,,,,,,,,,,,,,,,,,,,,,,,,20,R,,L,,1,0,,,OUTSIDE ZONE,,,0,0,0,0,0,LATU 00,LATU 03,00; 06,02; 05; 16,,WIDE OVER,3x1,1,P,,1,COVER 3
115,"26 02 ALSO D @ LATU, Play 015",,1,3,9,'+32,3,,,2,8,0,,,,,,,,,,,,,,COMPLETE,,,,,,,,,,,,,,,,,11,P,,L,1,5,0,0,,,,,0,0,0,0,0,LATU 13,LATU 03,06,02; 05; 16,13,EVEN,2x2,0,R,LATU 13,1,COVER 1
99,"26 02 ALSO D @ LATU, Play 016",,1,1,10,'-35,P,,,3,1,0,,,,,,,,,,,,,,,,,,,,,,,,,,,,,,,12,R,,L,63,1,0,,,PULL LEAD,,,0,0,0,0,0,LATU 06,LATU 03,06,02; 05,19; 86,ODD,2x2,0,,,1,COVER 3
100,"26 02 ALSO D @ LATU, Play 017",,1,2,9,'-36,2,,,3,2,0,,,,,,,,,,,,,,COMPLETE,,,,,,,,,,,,,,,,,12,P,,L,1,61,0,0,,,,,0,0,0,0,0,LATU 02,LATU 03,06,02; 05,19; 86,OVER,2x2,0,R,LATU 02,1,COVER 2
23,"26 02 ALSO D @ LATU, Play 018",,1,1,3,'+3,1,,,3,3,0,,,,,,,,,,,,,,COMPLETE,,,,,,,,,,,,,,,,,11,P,,L,61,1,1,0,,INSIDE ZONE,,,0,0,0,0,0,LATU 19,LATU 03,06,02; 05; 16,19,ODD,2x2,1,P,LATU 19,1,COVER 0
4,"26 02 ALSO D @ LATU, Play 019",,2,2,2,'+2,2,,,3,4,0,,,,,,,,,,,,,,,,,,,,,,,,,,,,,,,21,R,,R,1,2,0,,,PULL LEAD,,LATU 06,0,0,0,0,0,LATU 06,LATU 03,00; 06,08; 16,19,ODD,2x2,0,P,,1,COVER 0
163,"26 02 ALSO D @ LATU, Play 020",,2,1,10,'-35,P,,,4,1,0,,,,,,,,,,,,,,SACK,,,,,,,,,,,,,,,,,11,P,,R,'-5,'-6,0,0,,UNDEFINED,,,0,0,0,0,0,LATU 03,LATU 03,21,02; 05; 16,80,ODD,2x2,0,P,,1,COVER 3
24,"26 02 ALSO D @ LATU, Play 021",,2,2,16,'-29,2,,,4,2,0,,,,,,,,,,,,,,,,,,,,,,,,,,,,,,,11,R,,R,'-6,0,0,,,INSIDE ZONE,,,0,0,0,0,0,LATU 21,LATU 03,21,02; 05; 16,80,OVER,2x2,1,P,,0,COVER 4
164,"26 02 ALSO D @ LATU, Play 022",,2,3,16,'-29,3,,,4,3,0,,,,,,,,,,,,,,COMPLETE,,,,,,,,,,,,,,,,,11,P,,R,0,21,0,0,,,,,0,0,0,0,0,LATU 05,LATU 03,21,02; 05; 16,13,ODD,1x3,0,R,LATU 05,1,COVER 3 CLOUD
165,"26 02 ALSO D @ LATU, Play 023",,2,1,10,'+50,1,,,4,4,0,,,,,,,,,,,,,,INCOMPLETE,,,,,,,,,,,,,,,,,11,P,,R,21,0,0,0,,,,,0,0,1,0,0,,LATU 03,21,02; 05; 16,13,WIDE OVER,1x3,0,P,LATU 05,0,COVER 3 SEAM
25,"26 02 ALSO D @ LATU, Play 024",,2,2,10,'+50,2,,,4,5,0,,,,,,,,,,,,,,,,,,,,,,,,,,,,,,,20,R,,R,,4,0,,,DRAW,,,0,0,0,0,0,LATU 03,LATU 03,00; 12,08; 17; 84,,ODD,2x2,1,P,,1,COVER 4
166,"26 02 ALSO D @ LATU, Play 025",,2,3,6,'+46,3,,,4,6,0,,,,,,,,,,,,,,INCOMPLETE,,,,,,,,,,,,,,,,,11,P,,R,4,0,0,0,,,,,0,0,0,0,0,,LATU 03,00,08; 17; 84,13,ODD,2x2,0,R,LATU 08,1,COVER 1
5,"26 02 ALSO D @ LATU, Play 026",,2,1,10,'-5,P,,,5,1,0,,,,,,,,,,,,,,,,,,,,,,,,,,,,,,,21,R,,R,45,0,0,,,TRIPLE OPTION,,,0,0,0,0,0,LATU 06,LATU 03,00; 06,02; 16,80,ODD,2x2,0,,,1,COVER 3
6,"26 02 ALSO D @ LATU, Play 027",,2,2,10,'-5,2,,,5,2,0,,,,,,,,,,,,,,,,,,,,,,,,,,,,,,,12,R,,R,0,8,0,,,OUTSIDE ZONE,,,0,0,0,0,0,LATU 12,LATU 03,12,02; 05,19; 80,WIDE UNDER,2x2,1,R,,1,COVER 3
132,"26 02 ALSO D @ LATU, Play 028",,2,3,2,'-13,3,,,5,3,0,,,,,,,,,,,,,,,,,,,,,,,,,,,,,,,20,R,,L,8,54,0,,,INSIDE ZONE,,,0,0,0,0,0,LATU 12,LATU 03,06; 12,02; 05; 16,,ODD,2x1,1,R,,1,COVER 6
101,"26 02 ALSO D @ LATU, Play 029",,2,1,10,'+33,1,,,5,4,0,,,,,,,,,,,,,,,,,,,,,,,,,,,,,,,12,R,,L,54,0,0,,,OUTSIDE ZONE,,,0,0,0,0,0,LATU 03,LATU 03,06,08; 17,19; 80,EVEN,3x1,0,R,,0,COVER 4
134,"26 02 ALSO D @ LATU, Play 030",,2,2,10,'+33,2,,,5,5,0,,,,,,,,,,,,,,COMPLETE,,,,,,,,,,,,,,,,,21,P,,C,0,14,0,0,,INSIDE ZONE,,,0,0,0,0,0,LATU 08,LATU 03,00; 06,08; 17,80,ODD,1x2,1,R,LATU 08,0,COVER 3
133,"26 02 ALSO D @ LATU, Play 031",,2,1,10,'+19,1,,,5,6,0,,,,,,,,,,,,,,,,,,,,,,,,,,,,,,,20,R,,R,14,16,0,,,INSIDE ZONE,,,0,0,0,0,0,LATU 12,LATU 03,06; 12,02; 05; 16,,UNDER,1x2,1,P,,1,COVER 3
7,"26 02 ALSO D @ LATU, Play 032",,2,1,3,'+3,1,,,5,7,0,,,,,,,,,,,,,,,,,,,,,,,,,,,,,,,12,R,,R,16,3,0,,,FB RUN,,LATU 06,0,0,0,0,0,LATU 06,LATU 03,06,08; 16,19; 86,EVEN,1x3,0,R,,0,COVER 0
26,"26 02 ALSO D @ LATU, Play 033",,3,1,10,'-25,P,,,6,1,0,,,,,,,,,,,,,,,,,,,,,,,,,,,,,,,11,R,,R,65,'-3,0,,,INSIDE ZONE,,,0,0,0,0,0,LATU 00,LATU 03,00,02; 05; 16,19,BEAR,2x2,1,,,1,COVER 3
167,"26 02 ALSO D @ LATU, Play 036",,3,2,23,'-12,2,,,6,4,0,,,,,,,,,,,,,,COMPLETE,,,,,,,,,,,,,,,,,11,P,,R,,3,0,0,,,,,0,0,0,0,0,LATU 13,LATU 03,00,02; 05; 16,13,BEAR,2x2,0,,LATU 13,1,COVER 4
59,"26 02 ALSO D @ LATU, Play 037",,3,3,20,'-15,3,,,6,5,0,,,,,,,,,,,,,,RUN,,,,,,,,,,,,,,,,,11,P,,R,3,2,0,0,,,,,0,0,0,0,0,LATU 03,LATU 03,00,02; 05; 16,19,BEAR,2x2,0,P,,1,COVER 4
141,"26 02 ALSO D @ LATU, Play 038",,3,1,10,'-20,P,,,7,1,0,,,,,,,,,,,,,,INCOMPLETE,,,,,,,,,,,,,,,,,11,P,,R,34,0,0,1,,,,,0,0,0,0,0,,LATU 03,12,02; 05; 16,19,WIDE OVER,1x4,0,,LATU 02,0,COVER 3
102,"26 02 ALSO D @ LATU, Play 039",,3,2,10,'-20,2,,,7,2,0,,,,,,,,,,,,,,,,,,,,,,,,,,,,,,,12,R,,R,,80,0,,,OUTSIDE ZONE,,LATU 12,0,0,0,0,0,LATU 12,LATU 03,12,02; 05,19; 86,ODD,1x3,0,P,,1,COVER 3
135,"26 02 ALSO D @ LATU, Play 040",,4,1,10,'-20,P,,,8,1,0,,,,,,,,,,,,,,,,,,,,,,,,,,,,,,,21,R,,R,58,1,0,,,INSIDE ZONE,,,0,0,0,0,0,LATU 12,LATU 03,06; 12,02; 05,19,WIDE OVER,1x2,0,,,0,COVER 3
84,"26 02 ALSO D @ LATU, Play 041",,4,2,9,'-21,2,,,8,2,0,,,,,,,,,,,,,,,,,,,,,,,,,,,,,,,11,R,,C,1,4,0,,,INSIDE ZONE,,,0,0,0,0,0,LATU 12,LATU 03,12,02; 05; 16,19,WIDE OVER,1x3,0,R,,0,COVER 3 CLOUD
116,"26 02 ALSO D @ LATU, Play 042",,4,3,5,'-25,3,,,8,3,0,,,,,,,,,,,,,,INCOMPLETE,,,,,,,,,,,,,,,,,11,P,,L,4,0,0,0,,,,,0,0,0,0,0,,LATU 03,06,02; 05; 16,19,BEAR,2x2,0,R,LATU 05,1,COVER 3
142,"26 02 ALSO D @ LATU, Play 043",,4,1,10,'-22,P,,,9,1,0,,,,,,,,,,,,,,,,,,,,,,,,,,,,,,,11,R,,L,53,8,0,,,OUTSIDE ZONE,,,0,0,0,0,0,LATU 12,LATU 03,12,02; 05; 16,86,OVER,3x1,0,,,0,COVER 3
27,"26 02 ALSO D @ LATU, Play 044",,4,2,2,'-30,2,,,9,2,0,,,,,,,,,,,,,,,,,,,,,,,,,,,,,,,11,R,,R,8,1,0,,,PULL LEAD,,,0,0,1,0,0,LATU 12,LATU 03,12,02; 05; 16,86,OVER,2x2,1,R,,0,COVER 3
85,"26 02 ALSO D @ LATU, Play 045",,4,3,1,'-31,3,,,9,3,0,,,,,,,,,,,,,,COMPLETE,,,,,,,,,,,,,,,,,11,P,,R,1,13,0,1,,,,,0,0,0,0,0,LATU 16,LATU 03,06,02; 05; 16,86,EVEN,1x3,0,R,LATU 16,1,COVER 3
117,"26 02 ALSO D @ LATU, Play 046",,4,1,10,'-44,1,,,9,4,0,,,,,,,,,,,,,,COMPLETE,,,,,,,,,,,,,,,,,11,P,,C,13,36,0,0,,,,,0,0,0,0,0,LATU 84,LATU 03,06,08; 17; 84,86,WIDE OVER,2x2,0,P,LATU 84,0,COVER 3 SEAM
69,"26 02 ALSO D @ LATU, Play 047",,4,1,10,'+20,1,,,9,5,0,,,,,,,,,,,,,,,,,,,,,,,,,,,,,,,11,R,,L,36,3,0,,,OUTSIDE ZONE,,,0,0,1,0,0,LATU 06,LATU 03,06,08; 17; 84,86,OVER,2x2,1,P,,0,COVER 3
196,"26 02 ALSO D @ LATU, Play 048",,4,2,7,'+17,2,,,9,6,0,,,,,,,,,,,,,,,,,,,,,,,,,,,,,,,11,R,,R,3,3,0,,,OUTSIDE ZONE,,,0,0,0,0,0,LATU 12,LATU 03,12,02; 05; 16,19,WIDE UNDER,2x2,1,R,,0,COVER 3
118,"26 02 ALSO D @ LATU, Play 049",,4,3,4,'+14,3,,,9,7,0,,,,,,,,,,,,,,COMPLETE,,,,,,,,,,,,,,,,,11,P,,L,3,14,0,0,,INSIDE ZONE,,LATU 02,0,0,0,0,0,LATU 02,LATU 03,12,02; 05; 16,19,WIDE OVER,2x2,1,R,LATU 02,0,COVER 1
210,"26 02 ALSO D @ LATU, Play 050",,4,1,10,'+28,P,,,10,1,0,,,,,,,,,,,,,,,,,,,,,,,,,,,,,,,12,R,,R,,'-3,0,,,UNDEFINED,,,0,0,0,0,0,LATU 03,LATU 03,00,02; 05,19; 80,ODD,1x1,0,P,,0,GOAL LINE
211,"26 02 ALSO D @ LATU, Play 051",,4,2,13,'+31,2,,,10,2,0,,,,,,,,,,,,,,,,,,,,,,,,,,,,,,,12,R,,R,'-3,'-4,0,,,UNDEFINED,,,0,0,0,0,0,LATU 03,LATU 03,00,02; 05,19; 80,OVER,1x1,0,R,,0,GOAL LINE
212,"26 02 ALSO D @ LATU, Play 052",,4,3,17,'+35,3,,,10,3,0,,,,,,,,,,,,,,,,,,,,,,,,,,,,,,,12,R,,R,'-4,'-4,0,,,UNDEFINED,,,0,0,0,0,0,LATU 03,LATU 03,00,02; 05,19; 80,BEAR,1x1,0,R,,0,GOAL LINE
207,"26 02 ALSO D @ LATU, Play 054",,0,0,0,'+44,,,,0,,0,,,,,,,,,,,,,,,,,,,,,,,,,,,,,,,,,,,,,,,,,,,,,,,,,,,,,,,,,,,
143,"26 03 ALSO D vs OHUN, Play 001",,1,1,10,'-22,P,,,1,1,0,,,,,,,,,,,,,,,,,,,,,,,,,,,,,,,11,R,,L,54,3,0,,,INSIDE ZONE,,,0,0,0,0,0,OHUN 04,OHUN 09,04,03; 12; 15,86,OVER,3x1,1,,,0,COVER 3 SEAM
70,"26 03 ALSO D vs OHUN, Play 002",,1,2,7,'-25,2,,,1,2,0,,,,,,,,,,,,,,INCOMPLETE,,,,,,,,,,,,,,,,,11,P,,L,3,0,0,0,,UNDEFINED,(O) ALSO D12 DPI; (O) OHUN 72 OH,,0,0,0,0,0,,OHUN 09,04,03; 12; 15,86,WIDE OVER,2x1,0,R,OHUN 03,0,COVER 3 SEAM
168,"26 03 ALSO D vs OHUN, Play 003",,1,2,7,'-25,2,,,1,3,0,,,,,,,,,,,,,,,,,,,,,,,,,,,,,,,11,R,,L,,10,0,,,MAN,,,0,0,0,0,0,OHUN 09,OHUN 09,04,03; 12; 15,86,OVER,3x1,1,P,,0,COVER 1
71,"26 03 ALSO D vs OHUN, Play 004",,1,1,10,'-35,1,,,1,4,0,,,,,,,,,,,,,,COMPLETE,,,,,,,,,,,,,,,,,11,P,,R,10,16,0,0,,,,,0,0,1,0,0,OHUN 02,OHUN 09,04,02; 12; 15,86,WIDE UNDER,2x2,0,R,OHUN 02,0,COVER 3
8,"26 03 ALSO D vs OHUN, Play 005",,1,1,10,'+49,1,,,1,5,0,,,,,,,,,,,,,,,,,,,,,,,,,,,,,,,12,R,,L,16,6,0,,,COUNTER,,,0,0,0,0,0,OHUN 04,OHUN 09,04,02; 12,84; 86,OVER,2x2,0,P,,1,COVER 3
119,"26 03 ALSO D vs OHUN, Play 007",,1,2,9,'+48,2,,,1,7,0,,,,,,,,,,,,,,COMPLETE,,,,,,,,,,,,,,,,,11,P,,L,,11,0,0,,,,,0,0,0,0,0,OHUN 04,OHUN 09,04,02; 12; 15,86,EVEN,3x2,0,,OHUN 04,1,COVER 3
28,"26 03 ALSO D vs OHUN, Play 008",,1,1,10,'+37,1,,,1,8,0,,,,,,,,,,,,,,SACK,,,,,,,,,,,,,,,,,11,P,,R,11,'-5,0,0,,,,,0,0,0,0,0,OHUN 09,OHUN 09,04,02; 12; 15,86,UNDER,2x2,0,P,,1,COVER 3
72,"26 03 ALSO D vs OHUN, Play 009",,1,2,15,'+42,2,,,1,9,0,,,,,,,,,,,,,,COMPLETE,,,,,,,,,,,,,,,,,11,P,,R,'-5,5,0,0,,,,,0,0,0,0,0,OHUN 02,OHUN 09,04,02; 12; 15,86,ODD,2x2,0,P,OHUN 02,0,COVER 3
29,"26 03 ALSO D vs OHUN, Play 010",,1,3,10,'+37,3,,,1,10,0,,,,,,,,,,,,,,COMPLETE,,,,,,,,,,,,,,,,,11,P,,L,5,14,0,0,,,,,0,0,0,0,0,OHUN 15,OHUN 09,04,02; 12; 15,86,WIDE OVER,3x1,0,P,OHUN 15,0,COVER 3
30,"26 03 ALSO D vs OHUN, Play 011",,1,1,10,'+23,1,,,1,11,0,,,,,,,,,,,,,,RUN,,,,,,,,,,,,,,,,,11,P,,C,14,4,0,0,,,,,0,0,0,0,0,OHUN 09,OHUN 09,24,02; 12; 15,86,BEAR,2x2,0,P,,1,COVER 4
103,"26 03 ALSO D vs OHUN, Play 012",,1,2,6,'+19,2,,,1,12,0,,,,,,,,,,,,,,THROWN AWAY,,,,,,,,,,,,,,,,,12,P,,R,4,0,0,0,,MAN,,,0,0,0,0,0,,OHUN 09,24,03; 15,84; 86,OVER,1x3,1,P,,1,COVER 3
197,"26 03 ALSO D vs OHUN, Play 013",,1,3,6,'+19,3,,,1,13,0,,,,,,,,,,,,,,COMPLETE,,,,,,,,,,,,,,,,,11,P,,R,,11,0,0,,,,,0,0,0,0,0,OHUN 03,OHUN 09,04,03; 12; 15,86,OVER,2x2,0,P,OHUN 03,0,COVER 1
169,"26 03 ALSO D vs OHUN, Play 014",,1,1,8,'+8,1,,,1,14,0,,,,,,,,,,,,,,,,,,,,,,,,,,,,,,,11,R,,C,11,3,0,,,MAN,,,0,0,1,0,0,OHUN 04,OHUN 09,04,03; 12; 15,86,OVER,1x3,1,P,,0,COVER 1
31,"26 03 ALSO D vs OHUN, Play 015",,1,2,5,'+5,2,,,1,15,0,,,,,,,,,,,,,,COMPLETE,,,,,,,,,,,,,,,,,11,P,,C,3,5,0,0,,,,OHUN 15,0,0,0,0,0,OHUN 15,OHUN 09,04,03; 12; 15,86,WIDE OVER,2x2,0,R,OHUN 15,1,COVER 0
32,"26 03 ALSO D vs OHUN, Play 016",,1,1,10,'-22,P,,,2,1,0,,,,,,,,,,,,,,,,,,,,,,,,,,,,,,,11,R,,L,54,2,0,,,MAN,,,0,0,0,0,0,OHUN 04,OHUN 09,04,03; 12; 15,84,EVEN,2x2,1,,,1,COVER 3
73,"26 03 ALSO D vs OHUN, Play 017",,1,2,8,'-24,2,,,2,2,0,,,,,,,,,,,,,,,,,,,,,,,,,,,,,,,11,R,,L,2,3,0,,,MAN,,,0,0,0,0,0,OHUN 04,OHUN 09,04,02; 03; 15,84,BEAR,2x2,1,R,,1,COVER 3
170,"26 03 ALSO D vs OHUN, Play 018",,1,3,5,'-27,3,,,2,3,0,,,,,,,,,,,,,,RUN,,,,,,,,,,,,,,,,,11,P,,L,3,9,0,0,,,,,0,0,0,0,0,OHUN 09,OHUN 09,04,02; 03; 15,84,WIDE UNDER,2x2,0,R,,0,COVER 3 SEAM
9,"26 03 ALSO D vs OHUN, Play 019",,2,1,10,'-36,1,,,2,4,0,,,,,,,,,,,,,,INTERCEPTION,,,,,,,,,,,,,,,,,12,P,,L,9,0,0,0,,MAN,OHUN 84 UNR,,0,0,0,0,0,,OHUN 09,22,02; 03,33; 84,WIDE OVER,1x2,0,P,OHUN 03,0,COVER 3
60,"26 03 ALSO D vs OHUN, Play 020",,2,1,10,'-29,P,,,3,1,0,,,,,,,,,,,,,,,,,,,,,,,,,,,,,,,11,R,,C,58,3,0,,,MAN,,,0,0,0,0,0,OHUN 04,OHUN 09,04,03; 12; 15,33,BEAR,2x2,1,,,1,COVER 3
61,"26 03 ALSO D vs OHUN, Play 021",,2,2,7,'-32,2,,,3,2,0,,,,,,,,,,,,,,RUN,,,,,,,,,,,,,,,,,11,P,,C,3,19,0,0,,UNDEFINED,ALSO D02 DH,,0,0,0,0,0,OHUN 09,OHUN 09,04,02; 03; 15,33,UNDER,1x2,0,R,,1,COVER 1
144,"26 03 ALSO D vs OHUN, Play 022",,2,1,10,'+39,1,,,3,3,0,,,,,,,,,,,,,,,,,,,,,,,,,,,,,,,11,R,,L,19,'-3,0,,,MAN,,,0,0,0,0,0,OHUN 22,OHUN 09,22,02; 03; 15,33,WIDE OVER,2x1,1,P,,1,COVER 3
33,"26 03 ALSO D vs OHUN, Play 023",,2,2,13,'+42,2,,,3,4,0,,,,,,,,,,,,,,RUN,,,,,,,,,,,,,,,,,11,P,,L,'-3,10,0,0,,,,,0,0,0,0,0,OHUN 09,OHUN 09,22,02; 03; 15,33,OVER,2x2,0,R,,1,COVER 6
171,"26 03 ALSO D vs OHUN, Play 024",,2,3,3,'+32,3,,,3,5,0,,,,,,,,,,,,,,,,,,,,,,,,,,,,,,,11,R,,L,10,5,0,,,MAN,,,0,0,0,0,0,OHUN 04,OHUN 09,04,02; 03; 15,33,OVER,3x1,1,P,,1,COVER 3
34,"26 03 ALSO D vs OHUN, Play 025",,2,1,10,'+27,1,,,3,6,0,,,,,,,,,,,,,,COMPLETE,,,,,,,,,,,,,,,,,11,P,,L,5,24,1,0,,,,,0,0,0,0,0,OHUN 02,OHUN 09,04,02; 03; 15,33,BEAR,2x2,0,R,OHUN 02,1,COVER 3
202,"26 03 ALSO D vs OHUN, Play 026",,2,1,3,'+3,1,,,3,7,0,,,,,,,,,,,,,,,,,,,,,,,,,,,,,,,12,R,,L,24,1,0,,,MAN,,,0,0,0,0,0,OHUN 04,OHUN 09,04,02; 03,33; 86,WIDE OVER,2x1,0,P,,0,COVER 0
203,"26 03 ALSO D vs OHUN, Play 027",,2,2,2,'+2,2,,,3,8,0,,,,,,,,,,,,,,,,,,,,,,,,,,,,,,,12,R,,L,1,1,0,,,MAN,,,0,0,0,0,0,OHUN 04,OHUN 09,04,02; 03,33; 86,WIDE OVER,3x1,0,R,,0,COVER 0
204,"26 03 ALSO D vs OHUN, Play 028",,2,3,1,'+1,3,,,3,9,0,,,,,,,,,,,,,,,,,,,,,,,,,,,,,,,12,R,,L,1,1,0,,,MAN,,,0,0,0,0,0,OHUN 09,OHUN 09,04,02; 03,33; 86,DOUBLE PLUG,3x1,0,R,,0,COVER 0
172,"26 03 ALSO D vs OHUN, Play 029",,2,1,10,'-12,P,,,4,1,0,,,,,,,,,,,,,,,,,,,,,,,,,,,,,,,11,R,,C,60,7,0,,,MAN,,,0,0,0,0,0,OHUN 04,OHUN 09,04,03; 12; 15,84,WIDE OVER,3x1,1,,,1,COVER 3
74,"26 03 ALSO D vs OHUN, Play 030",,3,0,10,'+41,P,,,5,1,0,,,,,,,,,,,,,,COMPLETE,,,,,,,,,,,,,,,,,11,P,,R,62,8,0,1,,,,,0,0,0,0,0,OHUN 03,OHUN 09,04,02; 03; 15,86,WIDE OVER,1x3,0,,OHUN 03,0,COVER 3
173,"26 03 ALSO D vs OHUN, Play 031",,3,2,2,'+33,2,,,5,2,0,,,,,,,,,,,,,,,,,,,,,,,,,,,,,,,11,R,,R,8,33,0,,,MAN,,OHUN 04,0,0,0,0,0,OHUN 04,OHUN 09,04,02; 03; 15,86,WIDE UNDER,1x3,1,P,,0,COVER 3 SEAM
174,"26 03 ALSO D vs OHUN, Play 032",,3,1,10,'+25,P,,,6,1,0,,,,,,,,,,,,,,,,,,,,,,,,,,,,,,,11,R,,L,16,6,0,,,MAN,ALSO D24 UNRd,,0,0,0,0,0,OHUN 04,OHUN 09,04,03; 12; 15,84,BEAR,1x2,1,,,1,COVER 3
62,"26 03 ALSO D vs OHUN, Play 033",,3,1,9,'+9,1,,,6,2,0,,,,,,,,,,,,,,COMPLETE,,,,,,,,,,,,,,,,,11,P,,C,6,9,0,1,,OUTSIDE ZONE,,OHUN 15,0,0,0,0,0,OHUN 15,OHUN 09,04,02; 03; 15,84,WIDE UNDER,2x2,1,R,OHUN 15,0,COVER 1
175,"26 03 ALSO D vs OHUN, Play 034",,3,1,10,'-25,P,,,7,1,0,,,,,,,,,,,,,,COMPLETE,,,,,,,,,,,,,,,,,11,P,,R,60,6,0,0,,,ALSO D34 UNRd,,0,0,0,0,0,OHUN 03,OHUN 09,04,03; 12; 15,33,WIDE OVER,1x3,0,,OHUN 03,0,COVER 3
176,"26 03 ALSO D vs OHUN, Play 035",,3,1,10,'-46,1,,,7,2,0,,,,,,,,,,,,,,COMPLETE,,,,,,,,,,,,,,,,,11,P,,R,6,9,1,0,,MAN,,,0,0,0,0,0,OHUN 15,OHUN 09,04,02; 03; 15,33,WIDE OVER,1x3,1,P,OHUN 15,1,COVER 3
177,"26 03 ALSO D vs OHUN, Play 036",,3,2,1,'+45,2,,,7,3,0,,,,,,,,,,,,,,,,,,,,,,,,,,,,,,,11,R,,L,9,5,0,,,INSIDE ZONE,,,0,0,1,0,0,OHUN 04,OHUN 09,04,02; 03; 15,33,UNDER,3x1,1,P,,0,COVER 3
63,"26 03 ALSO D vs OHUN, Play 037",,3,1,10,'+40,1,,,7,4,0,,,,,,,,,,,,,,RUN,,,,,,,,,,,,,,,,,11,P,,L,5,2,0,0,,,,,0,0,1,0,0,OHUN 09,OHUN 09,04,02; 03; 15,33,WIDE UNDER,2x2,0,R,,0,COVER 3 SEAM
178,"26 03 ALSO D vs OHUN, Play 038",,3,2,8,'+38,2,,,7,5,0,,,,,,,,,,,,,,INCOMPLETE,,,,,,,,,,,,,,,,,11,P,,L,2,0,0,0,,,,,0,0,0,0,0,,OHUN 09,04,02; 03; 15,33,UNDER,3x1,0,P,OHUN 15,0,COVER 1
179,"26 03 ALSO D vs OHUN, Play 039",,3,3,8,'+38,3,,,7,6,0,,,,,,,,,,,,,,COMPLETE,,,,,,,,,,,,,,,,,11,P,,L,,'-5,1,0,,,,,0,0,0,0,0,OHUN 24,OHUN 09,24,02; 03; 15,33,ODD,3x1,0,P,OHUN 24,0,COVER 1
180,"26 03 ALSO D vs OHUN, Play 040",,3,1,10,'-47,P,,,8,1,0,,,,,,,,,,,,,,SACK,,,,,,,,,,,,,,,,,11,P,,L,40,'-4,0,0,,,,,0,0,0,0,0,OHUN 09,OHUN 09,22,02; 03; 15,86,BEAR,3x1,0,,,1,COVER 3
35,"26 03 ALSO D vs OHUN, Play 041",,3,2,14,'-43,2,,,8,2,0,,,,,,,,,,,,,,,,,,,,,,,,,,,,,,,11,R,,C,'-4,5,0,,,INSIDE ZONE,,,0,0,0,0,0,OHUN 22,OHUN 09,22,02; 03; 15,86,WIDE OVER,2x2,0,P,,0,COVER 6
181,"26 03 ALSO D vs OHUN, Play 042",,3,3,9,'-48,3,,,8,3,0,,,,,,,,,,,,,,BATTED PASS,,,,,,,,,,,,,,,,,11,P,,R,5,0,0,0,,,,,0,0,0,0,0,,OHUN 09,04,02; 03; 15,84,ODD,1x3,0,R,,1,COVER 4
145,"26 03 ALSO D vs OHUN, Play 043",,4,1,10,'-37,P,,,9,1,0,,,,,,,,,,,,,,INCOMPLETE,,,,,,,,,,,,,,,,,11,P,,C,59,0,0,0,,INSIDE ZONE,,,0,0,0,0,0,,OHUN 07,04,02; 03; 15,84,BEAR,1x3,1,,OHUN 15,1,COVER 3
182,"26 03 ALSO D vs OHUN, Play 044",,4,2,10,'-37,2,,,9,2,0,,,,,,,,,,,,,,INCOMPLETE,,,,,,,,,,,,,,,,,11,P,,C,,0,0,0,,,,,0,0,0,0,0,,OHUN 07,04,02; 03; 15,84,ODD,1x3,0,P,OHUN 03,1,COVER 3
146,"26 03 ALSO D vs OHUN, Play 045",,4,3,10,'-37,3,,,9,3,0,,,,,,,,,,,,,,,,,,,,,,,,,,,,,,,11,R,,C,,11,0,,,DRAW,,,0,0,0,0,0,OHUN 07,OHUN 07,04,02; 03; 15,84,ODD,1x3,0,P,,1,COVER 3
36,"26 03 ALSO D vs OHUN, Play 046",,4,1,10,'-48,1,,,9,4,0,,,,,,,,,,,,,,COMPLETE,,,,,,,,,,,,,,,,,11,P,,L,11,17,0,0,,,,,0,0,1,0,0,OHUN 15,OHUN 07,04,02; 03; 15,84,WIDE OVER,2x2,0,R,OHUN 15,1,COVER 3
37,"26 03 ALSO D vs OHUN, Play 047",,4,1,10,'+35,1,,,9,5,0,,,,,,,,,,,,,,INCOMPLETE,,,,,,,,,,,,,,,,,11,P,,C,17,0,0,0,,,,,0,0,1,0,0,,OHUN 07,04,02; 03; 15,84,WIDE OVER,2x2,0,P,OHUN 02,0,COVER 3 SEAM
38,"26 03 ALSO D vs OHUN, Play 049",,4,2,15,'+40,2,,,9,7,0,,,,,,,,,,,,,,RUN,,,,,,,,,,,,,,,,,11,P,,C,,18,0,0,,,,,0,0,0,0,0,OHUN 07,OHUN 07,04,03; 12; 15,33,BEAR,2x2,0,,,1,COVER 4
183,"26 03 ALSO D vs OHUN, Play 050",,4,1,10,'+22,1,,,9,8,0,,,,,,,,,,,,,,,,,,,,,,,,,,,,,,,11,R,,L,18,7,0,,,MAN,OHUN 33 OH,,0,0,0,0,0,OHUN 07,OHUN 07,04,03; 12; 15,33,WIDE OVER,2x1,0,P,,1,COVER 3
39,"26 03 ALSO D vs OHUN, Play 051",,4,1,13,'+25,1,,,9,9,0,,,,,,,,,,,,,,COMPLETE,,,,,,,,,,,,,,,,,11,P,,L,7,15,1,0,,,,,0,0,0,0,0,OHUN 03,OHUN 07,24,02; 03; 15,84,BEAR,2x2,0,R,OHUN 03,1,COVER 4
120,"26 03 ALSO D vs OHUN, Play 052",,4,1,10,'+10,1,,,9,10,0,,,,,,,,,,,,,,COMPLETE,,,,,,,,,,,,,,,,,11,P,,L,15,10,0,0,,,,OHUN 84,0,0,0,0,0,OHUN 84,OHUN 07,24,02; 03; 15,84,WIDE OVER,3x1,0,P,OHUN 84,0,COVER 1
104,"26 03 ALSO D vs OHUN, Play 053",,4,0,0,'+3,5,,,,,0,,,,,,,,,,,,,,COMPLETE,,,,,,,,,,,,,,,,,12,P,,R,10,2,0,0,,,,,0,0,0,0,0,OHUN 84,OHUN 07,04,03; 15,33; 84,WIDE OVER,1x3,0,P,OHUN 84,1,COVER 0
184,"26 03 ALSO D vs OHUN, Play 054",,4,1,10,'-10,P,,,10,1,0,,,,,,,,,,,,,,COMPLETE,,,,,,,,,,,,,,,,,11,P,,R,30,2,0,0,,,,,0,0,0,2,0,OHUN 04,OHUN 07,04,03; 12; 15,33,BEAR,1x3,0,,OHUN 04,1,COVER 3
40,"26 03 ALSO D vs OHUN, Play 055",,4,2,8,'-12,2,,,10,2,0,,,,,,,,,,,,,,SACK,,,,,,,,,,,,,,,,,11,P,,L,2,'-9,0,0,,,,,0,0,1,2,0,OHUN 07,OHUN 07,04,02; 03; 15,33,ODD,2x2,0,P,,1,COVER 3
147,"26 03 ALSO D vs OHUN, Play 056",,4,3,17,'-3,3,,,10,3,0,,,,,,,,,,,,,,COMPLETE,,,,,,,,,,,,,,,,,11,P,,L,'-9,7,1,0,,,,,0,0,0,2,0,OHUN 15,OHUN 07,04,02; 03; 15,33,WIDE UNDER,3x1,0,P,OHUN 15,1,COVER 3
148,"26 03 ALSO D vs OHUN, Play 057",,4,4,10,'-10,4,,,10,4,0,,,,,,,,,,,,,,INCOMPLETE,,,,,,,,,,,,,,,,,11,P,,R,7,0,0,0,,,,,0,0,0,2,0,,OHUN 07,04,02; 03; 15,33,ODD,1x3,0,P,OHUN 02,1,COVER 4
41,"26 03 ALSO D vs OHUN, Play 058",,4,1,10,'-30,P,,,11,1,0,,,,,,,,,,,,,,COMPLETE,,,,,,,,,,,,,,,,,11,P,,R,52,4,0,0,,,,,0,0,0,0,1,OHUN 85,OHUN 07,22,02; 03; 11,85,OVER,2x2,0,,OHUN 85,1,COVER 4
149,"26 03 ALSO D vs OHUN, Play 059",,4,2,6,'-34,2,,,11,2,0,,,,,,,,,,,,,,COMPLETE,,,,,,,,,,,,,,,,,11,P,,R,4,4,0,0,,,,,0,0,0,0,1,OHUN 85,OHUN 07,22,02; 03; 11,85,ODD,1x3,0,P,OHUN 85,1,COVER 3
42,"26 03 ALSO D vs OHUN, Play 060",,4,3,2,'-38,3,,,11,3,0,,,,,,,,,,,,,,COMPLETE,,,,,,,,,,,,,,,,,11,P,,L,4,41,0,0,,,,,0,0,1,0,1,OHUN 85,OHUN 07,22,02; 11; 37,85,OVER,2x2,0,P,OHUN 85,1,COVER 4
185,"26 03 ALSO D vs OHUN, Play 061",,4,1,10,'+21,1,,,11,4,0,,,,,,,,,,,,,,INCOMPLETE,,,,,,,,,,,,,,,,,11,P,,L,41,0,0,0,,,,,0,0,0,0,1,,OHUN 07,22,02; 11; 37,85,ODD,3x1,0,P,OHUN 37,1,COVER 3
43,"26 03 ALSO D vs OHUN, Play 062",,4,2,10,'+21,2,,,11,5,0,,,,,,,,,,,,,,INCOMPLETE,,,,,,,,,,,,,,,,,11,P,,L,,0,0,0,,,,,0,0,0,0,1,,OHUN 07,24,02; 11; 37,85,ODD,2x2,0,P,OHUN 02,1,COVER 4
44,"26 03 ALSO D vs OHUN, Play 063",,4,3,10,'+21,3,,,11,6,0,,,,,,,,,,,,,,COMPLETE,,,,,,,,,,,,,,,,,11,P,,L,,21,0,0,,,ALSO D02 FMM,OHUN 03,0,0,0,0,1,OHUN 03,OHUN 07,24,02; 03; 15,85,ODD,2x2,0,P,OHUN 03,1,COVER 4
75,"26 04 KYUN O vs ALSO, Play 001",,1,1,10,'-13,P,,,1,1,0,,,,,,,,,,,,,,,,,,,,,,,,,,,,,,,11,R,,R,33,13,0,,,OUTSIDE ZONE,ALSO D56 UNRd,,0,0,0,0,0,KYUN 01,KYUN 03,01,04; 07; 19,81,EVEN FAMILY,1x3,1,,,0,
51,"26 04 KYUN O vs ALSO, Play 002",,1,1,10,'-41,1,,,1,2,0,,,,,,,,,,,,,,COMPLETE,,,,,,,,,,,,,,,,,11,P,,R,13,4,0,,,OUTSIDE ZONE,,,0,0,0,0,0,KYUN 04,KYUN 03,01,04; 07; 19,81,BEAR FAMILY,2x2,0,R,KYUN 04,1,
121,"26 04 KYUN O vs ALSO, Play 003",,1,2,6,'-45,2,,,1,3,0,,,,,,,,,,,,,,BATTED PASS,,,,,,,,,,,,,,,,,11,P,,R,4,0,0,,,,,,0,0,1,0,0,,KYUN 03,01,04; 07; 19,81,BEAR FAMILY,2x3,0,P,,1,
157,"26 04 KYUN O vs ALSO, Play 004",,1,3,6,'-45,3,,,1,4,0,,,,,,,,,,,,,,INCOMPLETE,,,,,,,,,,,,,,,,,11,P,,R,,0,0,,,,,,0,0,0,0,0,,KYUN 03,01,04; 07; 19,81,ODD FAMILY,2x2,0,P,KYUN 04,1,
49,"26 04 KYUN O vs ALSO, Play 005",,1,1,10,'-36,P,,,2,1,0,,,,,,,,,,,,,,,,,,,,,,,,,,,,,,,11,R,,R,35,2,0,,,MAN,,,0,0,0,0,0,KYUN 01,KYUN 03,01,04; 07; 19,81,EVEN FAMILY,2x2,0,,,0,
54,"26 04 KYUN O vs ALSO, Play 006",,1,2,8,'-38,2,,,2,2,0,,,,,,,,,,,,,,,,,,,,,,,,,,,,,,,11,R,,R,2,7,0,,,OUTSIDE ZONE,,,0,1,1,0,0,KYUN 01,KYUN 03,01,04; 07; 19,81,EVEN FAMILY,1x3,1,R,,0,
205,"26 04 KYUN O vs ALSO, Play 007",,1,3,1,'-45,3,,,2,3,0,,,,,,,,,,,,,,,,,,,,,,,,,,,,,,,10 (**),R,,C,7,5,0,,,MAN,,,0,0,0,0,0,KYUN 01,KYUN 03,01,04; 89,,EVEN FAMILY,3x1,0,R,,0,
213,"26 04 KYUN O vs ALSO, Play 008",,1,1,10,'+50,1,,,2,4,0,,,,,,,,,,,,,,COMPLETE,,,,,,,,,,,,,,,,,02,P,,C,5,8,1,,,,,,0,0,0,0,0,KYUN 05,KYUN 03,,04; 05; 07,08; 81,EVEN FAMILY,0x5,0,R,KYUN 05,1,
220,"26 04 KYUN O vs ALSO, Play 009",,1,2,2,'+42,2,,,2,5,0,,,,,,,,,,,,,,INCOMPLETE,,,,,,,,,,,,,,,,,02,P,,L,8,0,0,,,POWER,,,0,0,1,0,0,,KYUN 03,,04; 05; 07,08; 81,EVEN FAMILY,0x4,0,P,KYUN 07,0,
208,"26 04 KYUN O vs ALSO, Play 010",,1,3,2,'+42,3,,,2,6,0,,,,,,,,,,,,,,,,,,,,,,,,,,,,,,,10 (**),R,,L,,0,0,,,MAN,,,0,0,0,0,0,KYUN 01,KYUN 03,01,04; 89,,EVEN FAMILY,3x1,0,P,,0,
86,"26 04 KYUN O vs ALSO, Play 011",,1,4,2,'+42,4,,,2,7,0,,,,,,,,,,,,,,INCOMPLETE,,,,,,,,,,,,,,,,,12,P,,C,0,0,1,,,POWER,,,0,0,0,0,0,,KYUN 03,01,04; 12,81; 87,EVEN FAMILY,3x1,1,R,KYUN 81,1,
150,"26 04 KYUN O vs ALSO, Play 012",,1,0,10,'-27,P,,,3,1,0,,,,,,,,,,,,,,COMPLETE,,,,,,,,,,,,,,,,,12,P,,R,25,19,1,,,,,,0,0,0,0,0,KYUN 04,KYUN 03,26,04; 12,81; 87,BEAR FAMILY,1x3,0,,KYUN 04,1,
122,"26 04 KYUN O vs ALSO, Play 013",,1,1,10,'-46,1,,,3,2,0,,,,,,,,,,,,,,COMPLETE,,,,,,,,,,,,,,,,,12,P,,L,19,2,1,,,,,,0,0,1,0,0,KYUN 26,KYUN 03,26,04; 12,81; 87,EVEN FAMILY,2x3,0,P,KYUN 26,0,
12,"26 04 KYUN O vs ALSO, Play 014",,1,2,8,'-48,2,,,3,3,0,,,,,,,,,,,,,,,,,,,,,,,,,,,,,,,12,R,,L,2,3,0,,,OUTSIDE ZONE,,,0,0,1,0,0,KYUN 26,KYUN 03,26,04; 12,81; 87,EVEN FAMILY,2x2,0,P,,0,
123,"26 04 KYUN O vs ALSO, Play 015",,1,3,5,'+49,3,,,3,4,0,,,,,,,,,,,,,,COMPLETE,,,,,,,,,,,,,,,,,12,P,,R,3,11,0,,,,,,0,0,0,0,0,KYUN 87,KYUN 03,26,04; 12,81; 87,OVER FAMILY,1x3,0,R,KYUN 87,1,
78,"26 04 KYUN O vs ALSO, Play 016",,1,1,10,'+38,1,,,3,5,0,,,,,,,,,,,,,,,,,,,,,,,,,,,,,,,11,R,,R,11,7,0,,,OUTSIDE ZONE,,,0,0,0,0,0,KYUN 26,KYUN 03,26,04; 12; 19,08,UNDER FAMILY,2x2,0,P,,0,
52,"26 04 KYUN O vs ALSO, Play 017",,1,2,3,'+31,2,,,3,6,0,,,,,,,,,,,,,,COMPLETE,,,,,,,,,,,,,,,,,11,P,,R,7,20,0,,,UNDEFINED,,,0,0,0,0,0,KYUN 08,KYUN 03,26,04; 12; 19,08,OVER FAMILY,3x1,0,R,KYUN 08,0,
124,"26 04 KYUN O vs ALSO, Play 018",,1,1,10,'+11,1,,,3,7,0,,,,,,,,,,,,,,,,,,,,,,,,,,,,,,,12,R,,R,20,1,0,,,INSIDE ZONE,,,0,0,0,0,0,KYUN 26,KYUN 03,26,04; 05,81; 87,OVER FAMILY,1x3,1,P,,0,
10,"26 04 KYUN O vs ALSO, Play 019",,1,2,9,'+10,2,,,3,8,0,,,,,,,,,,,,,,,,,,,,,,,,,,,,,,,13,R,,R,1,2,0,,,OUTSIDE ZONE,,,0,0,0,0,0,KYUN 26,KYUN 03,26,04,08; 81; 87,EVEN FAMILY,1x2,0,R,,0,
151,"26 04 KYUN O vs ALSO, Play 020",,1,3,7,'+8,3,,,3,9,0,,,,,,,,,,,,,,COMPLETE,,,,,,,,,,,,,,,,,12,P,,L,2,5,0,,,,,,0,0,0,0,0,KYUN 87,KYUN 03,26,04; 05,81; 87,EVEN FAMILY,2x2,0,R,KYUN 87,1,
111,"26 04 KYUN O vs ALSO, Play 021",,1,4,2,'+3,4,,,3,10,0,,,,,,,,,,,,,,,,,,,,,,,,,,,,,,,13 (*),R,,R,5,3,0,,,MAN,,KYUN 01,0,0,0,0,0,KYUN 01,KYUN 03,01,,08; 81; 87,EVEN FAMILY,1x1,0,P,,0,
152,"26 04 KYUN O vs ALSO, Play 022",,2,1,10,'-25,P,,,4,1,0,,,,,,,,,,,,,,COMPLETE,,,,,,,,,,,,,,,,,03,P,,R,57,3,1,,,,,,0,0,0,0,0,KYUN 08,KYUN 03,,04; 05,08; 81; 87,EVEN FAMILY,1x3,0,,KYUN 08,1,
76,"26 04 KYUN O vs ALSO, Play 023",,2,2,7,'-28,2,,,4,2,0,,,,,,,,,,,,,,,,,,,,,,,,,,,,,,,11,R,,L,3,22,0,,,OUTSIDE ZONE,,,0,0,0,0,0,KYUN 01,KYUN 03,01,04; 05; 19,81,OVER FAMILY,3x1,1,P,,0,
198,"26 04 KYUN O vs ALSO, Play 024",,2,1,10,'+50,1,,,4,3,0,,,,,,,,,,,,,,SACK,,,,,,,,,,,,,,,,,11,P,,L,22,'-5,0,,,,(D) KYUN 53 OH,,0,0,0,0,0,KYUN 03,KYUN 03,01,04; 05; 19,81,EVEN FAMILY,1x2,0,R,,1,
186,"26 04 KYUN O vs ALSO, Play 025",,2,2,15,'-45,2,,,4,4,0,,,,,,,,,,,,,,COMPLETE,,,,,,,,,,,,,,,,,11,P,,L,'-5,11,1,,,POWER,,,0,0,0,0,0,KYUN 81,KYUN 03,01,04; 05; 19,81,EVEN FAMILY,2x2,0,P,KYUN 81,1,
153,"26 04 KYUN O vs ALSO, Play 026",,2,3,4,'+44,3,,,4,5,0,,,,,,,,,,,,,,,,,,,,,,,,,,,,,,,12,R,,L,11,1,0,,,INSIDE ZONE,,,0,0,0,0,0,KYUN 01,KYUN 03,01,04; 05,81; 87,EVEN FAMILY,3x1,1,P,,0,
53,"26 04 KYUN O vs ALSO, Play 027",,2,4,3,'+43,4,,,4,6,0,,,,,,,,,,,,,,INCOMPLETE,,,,,,,,,,,,,,,,,12,P,,L,1,0,0,,,,,,0,0,0,0,0,,KYUN 03,01,04; 05,08; 81,EVEN FAMILY,2x2,0,R,KYUN 04,1,
105,"26 04 KYUN O vs ALSO, Play 028",,2,1,10,'-24,P,,,5,1,0,,,,,,,,,,,,,,,,,,,,,,,,,,,,,,,12,R,,L,57,7,0,,,INSIDE ZONE,,,0,0,0,0,0,KYUN 01,KYUN 03,01,04; 12,81; 87,EVEN FAMILY,3x1,1,,,0,
154,"26 04 KYUN O vs ALSO, Play 029",,2,2,3,'-31,2,,,5,2,0,,,,,,,,,,,,,,COMPLETE,,,,,,,,,,,,,,,,,12,P,,L,7,8,0,,,,,,0,0,0,0,0,KYUN 87,KYUN 03,01,04; 12,81; 87,EVEN FAMILY,3x1,0,R,KYUN 87,0,
13,"26 04 KYUN O vs ALSO, Play 030",,2,1,10,'-39,1,,,5,3,0,,,,,,,,,,,,,,,,,,,,,,,,,,,,,,,12,R,,C,8,12,0,,,INSIDE ZONE,,,0,0,0,0,0,KYUN 01,KYUN 03,01,04; 12,81; 87,EVEN FAMILY,2x2,1,P,,0,
199,"26 04 KYUN O vs ALSO, Play 031",,2,1,10,'+49,1,,,5,4,0,,,,,,,,,,,,,,COMPLETE,,,,,,,,,,,,,,,,,11,P,,R,12,'-1,0,,,OUTSIDE ZONE,,,0,0,0,0,0,KYUN 01,KYUN 03,01,04; 12; 19,08,EVEN FAMILY,2x2,0,R,KYUN 01,1,
45,"26 04 KYUN O vs ALSO, Play 032",,2,2,11,'+50,2,,,5,5,0,,,,,,,,,,,,,,,,,,,,,,,,,,,,,,,11,R,,L,'-1,16,0,,,OUTSIDE ZONE,,,0,0,0,0,0,KYUN 01,KYUN 03,01,04; 12; 19,08,EVEN FAMILY,2x2,1,P,,0,
77,"26 04 KYUN O vs ALSO, Play 033",,2,1,10,'+34,1,,,5,6,0,,,,,,,,,,,,,,COMPLETE,,,,,,,,,,,,,,,,,11,P,,C,16,3,1,,,INSIDE ZONE,,,0,0,1,0,0,KYUN 19,KYUN 03,01,04; 12; 19,08,OVER FAMILY,2x2,1,R,KYUN 19,0,
214,"26 04 KYUN O vs ALSO, Play 034",,2,2,7,'+31,2,,,5,7,0,,,,,,,,,,,,,,,,,,,,,,,,,,,,,,,11,R,,R,3,8,0,,,MAN,,,0,0,0,0,0,KYUN 02,KYUN 03,02,05; 12; 19,81,EVEN FAMILY,2x2,0,P,,0,
187,"26 04 KYUN O vs ALSO, Play 035",,2,1,10,'+23,1,,,5,8,0,,,,,,,,,,,,,,,,,,,,,,,,,,,,,,,11,R,,R,8,5,0,,,INSIDE ZONE,,,0,0,1,0,0,KYUN 02,KYUN 03,02,05; 12; 19,81,OVER FAMILY,1x3,1,R,,0,
106,"26 04 KYUN O vs ALSO, Play 036",,2,2,5,'+18,2,,,5,9,0,,,,,,,,,,,,,,COMPLETE,,,,,,,,,,,,,,,,,12,P,,L,5,11,0,,,INSIDE ZONE,,,0,0,0,0,0,KYUN 12,KYUN 03,02,05; 12,81; 87,EVEN FAMILY,3x1,1,R,KYUN 12,1,
188,"26 04 KYUN O vs ALSO, Play 037",,2,1,7,'+7,1,,,5,10,0,,,,,,,,,,,,,,INCOMPLETE,,,,,,,,,,,,,,,,,12,P,,C,11,0,0,,,,,,0,0,0,0,0,,KYUN 03,02,05; 12,81; 87,ODD FAMILY,1x3,0,P,KYUN 05,1,
200,"26 04 KYUN O vs ALSO, Play 038",,2,2,7,'+7,2,,,5,11,0,,,,,,,,,,,,,,,,,,,,,,,,,,,,,,,12,R,,R,,7,0,,,INSIDE ZONE,,KYUN 02,0,0,0,0,0,KYUN 02,KYUN 03,02,05; 12,81; 87,EVEN FAMILY,2x2,0,P,,0,
46,"26 04 KYUN O vs ALSO, Play 039",,2,1,10,'-25,P,,,6,1,0,,,,,,,,,,,,,,,,,,,,,,,,,,,,,,,11,R,,L,57,75,0,,,OUTSIDE ZONE,,KYUN 26,0,0,0,2,0,KYUN 26,KYUN 03,26,04; 12; 19,81,EVEN FAMILY,2x2,0,,,0,
50,"26 04 KYUN O vs ALSO, Play 040",,2,1,10,'+20,P,,,7,1,0,,,,,,,,,,,,,,,,,,,,,,,,,,,,,,,12,R,,R,,0,0,,,OUTSIDE ZONE,,,0,1,0,2,0,KYUN 01,KYUN 03,01,04; 05,81; 87,EVEN FAMILY,1x3,1,P,,0,
107,"26 04 KYUN O vs ALSO, Play 041",,2,2,10,'+20,2,,,7,2,0,,,,,,,,,,,,,,,,,,,,,,,,,,,,,,,12,R,,L,0,1,0,,,INSIDE ZONE,,,0,0,1,2,0,KYUN 01,KYUN 03,01,04; 05,81; 87,EVEN FAMILY,3x1,0,R,,0,
47,"26 04 KYUN O vs ALSO, Play 042",,2,3,9,'+19,3,,,7,3,0,,,,,,,,,,,,,,COMPLETE,,,,,,,,,,,,,,,,,11,P,,L,1,7,0,,,,ALSO D25 DOF,,0,0,0,2,0,KYUN 01,KYUN 03,01,04; 05; 19,81,EVEN FAMILY,3x1,0,R,KYUN 01,0,
189,"26 04 KYUN O vs ALSO, Play 043",,2,3,4,'+14,3,,,7,4,0,,,,,,,,,,,,,,SACK,,,,,,,,,,,,,,,,,12,P,,L,7,'-1,0,,,OUTSIDE ZONE,,,0,0,0,2,0,KYUN 03,KYUN 03,01,04; 05,81; 87,OVER FAMILY,2x2,0,P,,0,
108,"26 04 KYUN O vs ALSO, Play 044",,3,1,10,'-25,P,,,8,1,0,,,,,,,,,,,,,,,,,,,,,,,,,,,,,,,12,R,,L,55,4,0,,,OUTSIDE ZONE,,,0,0,0,0,0,KYUN 01,KYUN 03,01,05; 12,81; 87,EVEN FAMILY,3x1,0,,,0,
14,"26 04 KYUN O vs ALSO, Play 045",,3,2,6,'-29,2,,,8,2,0,,,,,,,,,,,,,,,,,,,,,,,,,,,,,,,12,R,,C,4,53,0,,,INSIDE ZONE,,,0,0,0,0,0,KYUN 01,KYUN 03,01,05; 12,81; 87,EVEN FAMILY,2x2,1,R,,0,
15,"26 04 KYUN O vs ALSO, Play 046",,3,1,10,'+18,1,,,8,3,0,,,,,,,,,,,,,,,,,,,,,,,,,,,,,,,12,R,,L,53,3,0,,,INSIDE ZONE,,,0,0,1,0,0,KYUN 01,KYUN 03,01,05; 12,81; 87,EVEN FAMILY,2x2,1,R,,0,
190,"26 04 KYUN O vs ALSO, Play 047",,3,2,7,'+15,2,,,8,4,0,,,,,,,,,,,,,,,,,,,,,,,,,,,,,,,12,R,,L,3,15,0,,,PULL LEAD,,KYUN 26,0,0,0,0,0,KYUN 26,KYUN 03,26,05; 12,81; 87,EVEN FAMILY,3x1,0,R,,0,
88,"26 04 KYUN O vs ALSO, Play 048",,3,1,10,'-15,P,,,9,1,0,,,,,,,,,,,,,,,,,,,,,,,,,,,,,,,11,R,,R,43,6,0,,,INSIDE ZONE,,,0,1,0,0,0,KYUN 02,KYUN 03,02,06; 12; 19,81,BEAR FAMILY,4x0,0,,,0,
91,"26 04 KYUN O vs ALSO, Play 049",,3,2,4,'-21,2,,,9,2,0,,,,,,,,,,,,,,,,,,,,,,,,,,,,,,,12,R,,R,6,8,0,,,COUNTER,,,0,1,0,0,0,KYUN 02,KYUN 03,02,06; 12,81; 87,OVER FAMILY,1x3,0,R,,0,
16,"26 04 KYUN O vs ALSO, Play 050",,3,1,10,'-29,1,,,9,3,0,,,,,,,,,,,,,,COMPLETE,,,,,,,,,,,,,,,,,12,P,,L,8,7,0,,,INSIDE ZONE,,,0,0,1,0,0,KYUN 06,KYUN 03,02,06; 12,81; 87,BEAR FAMILY,2x2,1,R,KYUN 06,1,
17,"26 04 KYUN O vs ALSO, Play 051",,3,2,3,'-36,2,,,9,4,0,,,,,,,,,,,,,,COMPLETE,,,,,,,,,,,,,,,,,12,P,,R,7,4,0,,,INSIDE ZONE,,,0,0,1,0,0,KYUN 12,KYUN 03,02,06; 12,81; 87,BEAR FAMILY,2x2,1,P,KYUN 12,0,
109,"26 04 KYUN O vs ALSO, Play 052",,3,1,10,'-40,1,,,9,5,0,,,,,,,,,,,,,,,,,,,,,,,,,,,,,,,12,R,,L,4,39,0,,,OUTSIDE ZONE,,,0,0,0,0,0,KYUN 02,KYUN 03,02,06; 12,81; 87,EVEN FAMILY,3x1,0,P,,0,
93,"26 04 KYUN O vs ALSO, Play 053",,3,1,10,'+21,1,,,9,6,0,,,,,,,,,,,,,,,,,,,,,,,,,,,,,,,12,R,,R,39,6,0,,,COUNTER,,,0,1,0,0,0,KYUN 02,KYUN 03,02,06; 12,08; 81,EVEN FAMILY,1x3,0,R,,0,
87,"26 04 KYUN O vs ALSO, Play 054",,3,2,4,'+15,2,,,9,7,0,,,,,,,,,,,,,,,,,,,,,,,,,,,,,,,12,R,,R,6,'-3,0,,,MAN,,,0,0,0,0,0,KYUN 03,KYUN 03,02,06; 12,08; 81,EVEN FAMILY,1x3,0,R,,0,
136,"26 04 KYUN O vs ALSO, Play 055",,3,1,10,'-31,P,,,10,1,0,,,,,,,,,,,,,,COMPLETE,,,,,,,,,,,,,,,,,12,P,,C,50,7,1,,,INSIDE ZONE,,,0,0,0,0,0,KYUN 81,KYUN 03,02,05; 12,81; 87,EVEN FAMILY,2x1,1,,KYUN 81,0,
89,"26 04 KYUN O vs ALSO, Play 056",,3,2,3,'-38,2,,,10,2,0,,,,,,,,,,,,,,,,,,,,,,,,,,,,,,,11,R,,L,7,21,0,,,INSIDE ZONE,,,0,1,0,0,0,KYUN 02,KYUN 03,02,05; 12; 19,81,EVEN FAMILY,0x4,0,P,,0,
191,"26 04 KYUN O vs ALSO, Play 057",,4,1,10,'+41,1,,,10,3,0,,,,,,,,,,,,,,COMPLETE,,,,,,,,,,,,,,,,,11,P,,R,21,27,0,,,UNDEFINED,,,0,0,0,0,0,KYUN 19,KYUN 03,26,05; 12; 19,87,EVEN FAMILY,1x3,0,R,KYUN 19,0,
192,"26 04 KYUN O vs ALSO, Play 058",,4,1,10,'+14,1,,,10,4,0,,,,,,,,,,,,,,,,,,,,,,,,,,,,,,,12,R,,L,27,9,0,,,MAN,,,0,0,0,0,0,KYUN 26,KYUN 03,26,05; 12,81; 87,OVER FAMILY,2x2,0,P,,0,
92,"26 04 KYUN O vs ALSO, Play 059",,4,2,1,'+5,2,,,10,5,0,,,,,,,,,,,,,,,,,,,,,,,,,,,,,,,10 (**),R,,L,9,3,0,,,MAN,,,0,0,0,0,0,KYUN 26,KYUN 03,26,12; 89,,EVEN FAMILY,4x0,0,R,,0,
209,"26 04 KYUN O vs ALSO, Play 060",,4,1,2,'+2,1,,,10,6,0,,,,,,,,,,,,,,,,,,,,,,,,,,,,,,,10 (**),R,,L,3,2,0,,,MAN,,KYUN 26,0,0,0,0,0,KYUN 26,KYUN 03,26,12; 89,,EVEN FAMILY,4x0,0,R,,0,
206,"26 04 KYUN O vs ALSO, Play 061",,4,1,10,'+33,P,,,11,1,0,,,,,,,,,,,,,,COMPLETE,,,,,,,,,,,,,,,,,12,P,,C,1,13,1,,,,,,0,0,0,0,0,KYUN 19,KYUN 03,26,06; 19,81; 87,EVEN FAMILY,3x1,0,P,KYUN 19,0,
137,"26 04 KYUN O vs ALSO, Play 062",,4,1,10,'+20,1,,,11,2,0,,,,,,,,,,,,,,,,,,,,,,,,,,,,,,,12,R,,R,13,5,0,,,INSIDE ZONE,,,0,0,0,0,0,KYUN 26,KYUN 03,26,06; 83,81; 87,EVEN FAMILY,2x1,0,P,,0,
18,"26 04 KYUN O vs ALSO, Play 063",,4,2,5,'+15,2,,,11,3,0,,,,,,,,,,,,,,COMPLETE,,,,,,,,,,,,,,,,,12,P,,R,5,15,0,,,INSIDE ZONE,,KYUN 06,0,0,1,0,0,KYUN 06,KYUN 03,26,06; 83,81; 87,EVEN FAMILY,2x2,1,R,KYUN 06,0,
155,"26 04 KYUN O vs ALSO, Play 064",,4,1,10,'+44,P,,,12,1,0,,,,,,,,,,,,,,,,,,,,,,,,,,,,,,,12,R,,R,'-9,10,0,,,INSIDE ZONE,,,0,0,0,4,0,KYUN 26,KYUN 03,26,06; 12,08; 85,EVEN FAMILY,2x2,0,P,,0,
156,"26 04 KYUN O vs ALSO, Play 065",,4,1,10,'+34,1,,,12,2,0,,,,,,,,,,,,,,,,,,,,,,,,,,,,,,,12,R,,C,10,5,0,,,MAN,,,0,0,0,4,0,KYUN 26,KYUN 03,26,06; 12,08; 85,BEAR FAMILY,1x3,0,R,,0,
193,"26 04 KYUN O vs ALSO, Play 066",,4,2,5,'+29,2,,,12,3,0,,,,,,,,,,,,,,INCOMPLETE,,,,,,,,,,,,,,,,,11,P,,C,5,0,0,,,INSIDE ZONE,,,0,0,0,4,0,,KYUN 10,28,06; 13; 83,85,EVEN FAMILY,1x3,1,R,KYUN 06,0,
48,"26 04 KYUN O vs ALSO, Play 067",,4,3,5,'+29,3,,,12,4,0,,,,,,,,,,,,,,,,,,,,,,,,,,,,,,,11,R,,R,,'-1,0,,,INSIDE ZONE,,,0,0,0,4,0,KYUN 28,KYUN 10,28,06; 13; 83,08,EVEN FAMILY,2x2,0,P,,0,
64,"26 04 KYUN O vs ALSO, Play 068",,4,1,10,'-31,P,,,13,1,0,,,,,,,,,,,,,,,,,,,,,,,,,,,,,,,11,R,,L,,7,0,,,MAN,,,0,0,0,0,1,KYUN 29,KYUN 09,29,13; 18; 83,85,UNDER FAMILY,3x1,0,P,,0,
65,"26 04 KYUN O vs ALSO, Play 069",,4,2,3,'-38,2,,,13,2,0,,,,,,,,,,,,,,,,,,,,,,,,,,,,,,,11,R,,L,7,7,0,,,MAN,,,0,0,0,0,1,KYUN 29,KYUN 09,29,13; 18; 83,44,UNDER FAMILY,3x1,0,R,,0,