"Rank","Player Id","Player GSIS","Player College GSIS","Player Sportradar Id","Name","Team","#","POS","TOT TKL","TKL","AST","MT","STOP","TFL+NG","MT%","TKL","AST","MT","RUN STOP","RUN TFL+NG","MT%","TKL","SK","AST","MT","PASS STOP","PASS TFL+NG","MT%","TKL","AST","MT","MT%"
"","156310","","400017","","D.J. Moore","S ALABAMA","01","S","9","7","2","1","3","0","10.0%","4","2","1","1","0","14.3%","3","0","0","0","2","0","0.0%","0","0","0","0.0%"
"","160203","","395246","","Mase Lewis","S ALABAMA","18","DI","15","8","7","0","7","3","0.0%","7","6","0","6","3","0.0%","1","0","1","0","1","0","0.0%","0","0","0","0.0%"
"","161247","","387016","","Jayvon Henderson","S ALABAMA","02","CB","15","14","1","2","4","2","11.8%","6","0","1","2","2","14.3%","8","0","1","1","2","0","10.0%","0","0","0","0.0%"
"","163927","","408225","","Christian Ross","S ALABAMA","17","ED","4","2","1","0","2","1","0.0%","2","1","0","1","1","0.0%","0","1","0","0","1","0","0.0%","0","0","0","0.0%"
"","172302","","412349","","Cole Blaylock","S ALABAMA","14","S","28","24","4","8","13","2","22.2%","12","2","4","6","1","22.2%","12","0","2","4","7","1","22.2%","0","0","0","0.0%"
"","172436","","428948","","Dallas Young","S ALABAMA","08","S","17","13","4","3","2","0","15.0%","5","3","3","1","0","27.3%","8","0","1","0","1","0","0.0%","0","0","0","0.0%"
"","172452","","428211","","Stephen Johnson","S ALABAMA","56","DI","4","1","2","1","2","0","20.0%","1","2","0","1","0","0.0%","0","1","0","1","1","0","50.0%","0","0","0","0.0%"
"","172659","","424640","","Jaylen Moson","S ALABAMA","12","CB","13","13","0","4","2","0","23.5%","4","0","2","0","0","33.3%","9","0","0","2","2","0","18.2%","0","0","0","0.0%"
"","172851","","412895","","Bradley Thomas","S ALABAMA","34","CB","4","3","1","0","0","0","0.0%","1","0","0","0","0","0.0%","2","0","1","0","0","0","0.0%","0","0","0","0.0%"
"","173628","","475142","","Tre Brown","S ALABAMA","49","DI","5","4","1","0","2","1","0.0%","3","1","0","2","1","0.0%","1","0","0","0","0","0","0.0%","0","0","0","0.0%"
"","175851","","426528","","Jordan Williams","S ALABAMA","48","LB","24","13","10","5","6","1","17.2%","7","6","4","4","1","23.5%","6","1","4","1","2","0","8.3%","0","0","0","0.0%"
"","176421","","406685","","Tre'Mon Henry","S ALABAMA","25","ED","13","9","4","1","7","2","7.1%","6","3","0","5","1","0.0%","3","0","1","1","2","1","20.0%","0","0","0","0.0%"
"","186320","","428283","","Kaydon Degraffenreid","S ALABAMA","06","ED","2","0","2","1","0","0","33.3%","0","1","0","0","0","0.0%","0","0","1","1","0","0","50.0%","0","0","0","0.0%"
"","190017","","428632","","Seidrion Langston","S ALABAMA","16","LB","2","1","1","0","0","0","0.0%","1","1","0","0","0","0.0%","0","0","0","0","0","0","0.0%","0","0","0","0.0%"
"","190077","","470487","","Tyler Carter","S ALABAMA","41","DI","5","4","1","2","4","1","28.6%","4","1","1","4","1","16.7%","0","0","0","1","0","0","100%","0","0","0","0.0%"
"","190078","","430175","","Damyrion Darby","S ALABAMA","24","CB","8","4","2","3","4","0","27.3%","1","0","1","1","0","50.0%","3","2","2","2","3","0","22.2%","0","0","0","0.0%"
"","190099","","434142","","Parker Shattuck","S ALABAMA","11","LB","20","12","7","4","8","1","16.7%","9","5","2","5","1","12.5%","3","1","2","2","3","0","25.0%","0","0","0","0.0%"
"","199204","","451849","","E'Mauri Smiley","S ALABAMA","90","DI","5","3","2","0","2","1","0.0%","1","2","0","1","1","0.0%","2","0","0","0","1","0","0.0%","0","0","0","0.0%"
"","200853","","449622","","Andrew Hines","S ALABAMA","94","DI","2","2","0","0","2","2","0.0%","2","0","0","2","2","0.0%","0","0","0","0","0","0","0.0%","0","0","0","0.0%"
"","216166","","475214","","Camen Upshaw","S ALABAMA","32","S","4","2","2","1","0","0","20.0%","1","1","1","0","0","33.3%","1","0","1","0","0","0","0.0%","0","0","0","0.0%"
"","216168","","475200","","Kam Robinson","S ALABAMA","13","S","9","7","2","4","1","0","30.8%","4","1","1","1","0","16.7%","3","0","1","3","0","0","42.9%","0","0","0","0.0%"
"","216170","","475137","","Xavious Anderson Jr.","S ALABAMA","26","LB","8","4","3","3","3","0","27.3%","3","2","2","2","0","28.6%","1","1","1","1","1","0","25.0%","0","0","0","0.0%"
"","216177","","475149","","Teryn Green","S ALABAMA","36","S","1","0","1","0","0","0","0.0%","0","1","0","0","0","0.0%","0","0","0","0","0","0","0.0%","0","0","0","0.0%"