#,Name,Formation,Unbalanced,FIB,FrntGen,Front Family,Front,Front Adjustment,Stunt 1,Stunt 2,Blitz Family,Blitz,COV FAM,Coverage,Open/Closed,MAN/ZONE,Cov Type,Coverage Adjustment,Drive #,Drive Play #,pff_DRIVEENDEVENT,Quarter,Down,Distance,pff_GAINLOSS,pff_HASH,2M/4M,R/P,pff_PASSRESULT,Personnel,Form Adj Bunch,Form Adj Stack,Form Adj Reduce,Form Adj Slot,Motion 1,Motion 2,Shift O,Protection,Play,Tempo,Code Word,Cadence,DP,DPG,TD Comments 1,TD Comments 2,P Coverage,Pressure Y/N,# Rushers,Pressure Comments,GA Comments 1,GA Comments 2,GA Comments 3,GA Comments 4,Formation Family,Backfield Set,Y Open/Close,Run Family,Run Concept,PROTSTYLE,Play Family,Pass Concept,Pass Concept 1,Final Form,pff_DEFPACKAGE,pff_DEFPERSONNEL,pff_FUMBLE,pff_INTERCEPTION,pff_PENALTY,pff_SNAPTIME,pff_TRICKPLAY,Explosive,Pass Result,Target #,Form Adj Y,Empty,pff_CLOCK,Yards To GL,Field Position,Signal 1,Signal 2,Signal 3,After Big Play,2 Minute,4 Minute,pff_OFFPERSONNEL,pff_OFFPERSONNELGROUP,pff_YARDSTOGOALLINE
1,"2501 Oklahoma State D vs UT Martin, Play 036",XTRA TWINS,,0,,EVEN,42 OG,W MUG,,,FIRE,W-A,1,BL 1,C,MAN,,,7,8,PUNT,3,1,10,'-1,C,,,,,,,,,,,,,,,,,,,,,,,,,,,,,,,,,,,,,,,NICKEL,4-2-5,,,,,0,,,,,,11:42,,'+38,,,,,,,3-0-1-1,11,38
2,"2501 Oklahoma State D vs UT Martin, Play 041",XTRA TWINS,,0,,EVEN,42 UG,,,,,,4,4 SPEC,O,ZONE,,STUD,8,2,INTERCEPTION,3,2,12,4,L,,,,,,,,,,,,,,,,,,,,,,,,,,,,,,,,,,,,,,,NICKEL,3-3-5,,,,,0,,COMPLETE,,,,04:40,,'-23,,,,,,,3-0-1-1,11,77
3,"2501 Oklahoma State D vs UT Martin, Play 056",XTRA TWINS,,0,,NO PLAY,,,,,,,,,,,,,10,1,PUNT,4,1,10,0,L,,,,,,,,,,,,,,,,,,,,,,,,,,,,,,,,,,,,,,,NICKEL,3-3-5,,,TNMR 62 FST,,0,,,,,,04:36,,'-25,,,,,,,3-0-1-1,11,75
4,"2501 Oklahoma State D vs UT Martin, Play 057",XTRA TWINS,,0,,EVEN,42 UG,,,,,,4,4 SPEC,O,ZONE,,STUD,10,2,PUNT,4,1,15,0,L,,,,,,,,,,,,,,,,,,,,,,,,,,,,,,,,,,,,,,,NICKEL,3-3-5,,,,,0,,THROWN AWAY,,,,04:36,,'-20,,,,,,,3-0-1-1,11,80
5,"2501 Oklahoma State D vs UT Martin, Play 033",XTRA TRIO,,0,,NO PLAY,,,,,,,,,,,,,7,5,PUNT,3,2,4,0,R,,,,,,,,,MO,,,,,,,,,,,,,,,,,,,,,,,,,,,,,,BASE,4-3-4,,,TNMR 78 FST,,0,,,,,,12:44,,'-43,,,,,,,3-0-1-1,11,57
6,"2501 Oklahoma State D vs UT Martin, Play 014",TWINS XTRA FIB,,1,,EVEN,42 UG,,,,,,4,4,O,ZONE,,"N-BND, STUD",3,3,PUNT,1,2,10,2,L,,,,,,,,,,,,,,,,,,,,,,,,,,,,,,,,,,,,,,,NICKEL,4-2-5,,,,,0,,,,,,01:28,,'-45,,,,,,,3-0-1-1,11,55
7,"2501 Oklahoma State D vs UT Martin, Play 013",TWINS,,0,,EVEN,42 OG,LB BOSS,,,,,3,3 BND,C,ZONE,,MATCH,3,2,PUNT,1,1,10,0,L,,,,,,,,,,,,,,,,,,,,,,,,,,,,,,,,,,,,,,,NICKEL,4-2-5,,,,,0,,INCOMPLETE,,,,01:34,,'-45,,,,,,,3-0-1-1,11,55
8,"2501 Oklahoma State D vs UT Martin, Play 001",TRIPS,,0,,EVEN,EAGLE UN G,,,,,,4,4,O,ZONE,,,1,1,PUNT,1,1,10,6,L,,,,,,,,,ZIP,,,,,,,,,,,,,,,,,,,,,,,,,,,,,,BASE,4-3-4,,,OKST D05 HC,,0,,COMPLETE,,,,11:20,,'-25,,,,,,,2-0-1-2,12,75
9,"2501 Oklahoma State D vs UT Martin, Play 038",TRIPS,,0,,EVEN,42 WDE,,,,,,2,2 CUT,O,ZONE,,,7,10,PUNT,3,3,10,5,R,,,,,,,,,,,,,,,,,,,,,,,,,,,,,,,,,,,,,,,NICKEL,2-4-5,,,,,0,,,,,,10:36,,'+38,,,,,,,2-0-1-2,12,38
10,"2501 Oklahoma State D vs UT Martin, Play 026",TRIO FIB,,1,,EVEN,42 UG,,,,,,4,4 SPEC,O,ZONE,,N-BND,6,2,PUNT,2,1,10,4,R,,,,,,,,,,,,,,,,,,,,,,,,,,,,,,,,,,,,,,,NICKEL,3-3-5,,,,,0,,,,,,02:10,,'-37,,,,,,,2-0-1-2,12,63
11,"2501 Oklahoma State D vs UT Martin, Play 003",TRIO,,0,,EVEN,42 OG,LB BOSS,,,,,3,3 BND,C,ZONE,,,1,3,PUNT,1,2,8,2,R,,,,,,,,,MOTOR,,,,,,,,,,,,,,,,,,,,,,,,,,,,,,NICKEL,4-2-5,,,,,0,,,,,,10:15,,'-48,,,,,,,3-0-1-1,11,52
12,"2501 Oklahoma State D vs UT Martin, Play 028",TRIO,,0,,EVEN,42 WDE,,,,,,3,3 BUZZ FLD,C,ZONE,,N-BND,6,4,PUNT,2,3,8,3,R,,,,,,,,,MISSILE,,,,,,,,,,,,,,,,,,,,,,,,,,,,,,NICKEL,2-4-5,,,,,0,,,,,,01:18,,'-39,,,,,,,3-0-1-1,11,61
13,"2501 Oklahoma State D vs UT Martin, Play 029",TRIO,,0,,EVEN,42 OG,LB BOW,,,,,4,4 SPEC,O,ZONE,,BUST ON FAST MO BY 3,7,1,PUNT,3,1,10,3,C,,,,,,,,,BURN,,,,,,,,,,,,,,,,,,,,,,,,,,,,,,NICKEL,3-3-5,,,,,0,,,,,,15:00,,'-25,,,,,,,3-0-1-1,11,75
14,"2501 Oklahoma State D vs UT Martin, Play 031",TRIO,,1,,EVEN,42 UG,,,,,,1,1 FUN,C,MAN,,,7,3,PUNT,3,3,1,3,R,,,,,,,,,,,,,,,,,,,,,,,,,,,,,,,,,,,,,,,NICKEL,3-3-5,,,,,0,,,,,,13:52,,'-34,,,,,,,3-0-1-1,11,66
15,"2501 Oklahoma State D vs UT Martin, Play 047",TRIO,,0,,EVEN,42 OG,,,,,,4,4 BKT,O,ZONE,,,8,8,INTERCEPTION,3,2,7,6,R,,,,,,,,,MO,,,,,,,,,,,,,,,,,,,,,,,,,,,,,,NICKEL,3-3-5,,,,,0,,,,,,01:59,,'+39,,,,,,,3-0-1-1,11,39
16,"2501 Oklahoma State D vs UT Martin, Play 048",TRIO,,0,,ODD,51,MUW,E/N,,,,1,1 FUN,C,MAN,,,8,9,INTERCEPTION,3,3,1,1,C,,,,,,,,,,,,,,,,,,,,,,,,,,,,,,,,,,,,,,,NICKEL,3-3-5,,,,,0,,,,,,01:15,,'+33,,,,,,,3-0-1-1,11,33
17,"2501 Oklahoma State D vs UT Martin, Play 049",TRIO,,0,,EVEN,42 UG,,,,FIRE,M+A,1,BL 1,C,MAN,,,8,10,INTERCEPTION,3,1,10,2,C,,,,,,,,,,,,,,,,,,,,,,,,,,,,,,,,,,,,,,,NICKEL,4-2-5,,,,,0,,,,,,00:33,,'+32,,,,,,,3-0-1-1,11,32
18,"2501 Oklahoma State D vs UT Martin, Play 058",TRIO,,0,,EVEN,41 OG,,,,,,3,3 BND,C,ZONE,,MATCH,10,3,PUNT,4,2,15,'-1,L,,,,,,,,,,,,,,,,,,,,,,,,,,,,,,,,,,,,,,,NICKEL,3-3-5,,,,,0,,,,,,04:29,,'-20,,,,,,,3-0-1-1,11,80
19,"2501 Oklahoma State D vs UT Martin, Play 060",TRIO,,0,,EVEN,42 OG,LB BOSS,,,,,3,3 BND,C,ZONE,,MATCH,11,1,END OF GAME,4,1,10,'-3,L,,,,,,,,,,,,,,,,,,,,,,,,,,,,,,,,,,,,,,,NICKEL,3-3-5,,,,,0,,,,,,00:08,,'-14,,,,,,,3-0-1-1,11,86
20,"2501 Oklahoma State D vs UT Martin, Play 039",TOP FIB,,0,,NO PLAY,,,,,,,,,,,,,7,11,PUNT,3,4,5,0,L,,,,,,,,,MISSILE,,,,,,,,,,,,,,,,,,,,,,,,,,,,,,NICKEL,2-4-5,,,TNMR 78 FST,,0,,,,,,09:50,,'+33,,,,,,,3-0-1-1,11,33
21,"2501 Oklahoma State D vs UT Martin, Play 008",TOP FIB,,0,,EVEN,42 OG,LB BOW,,,FIRE,N-FIRE BND,3,BZ 3 BND,C,ZONE,,N-BND,2,1,TOUCHDOWN,1,1,10,9,R,,,,,,,,,ZOOM,,,,,,,,,,,,,,,,,,,,,,,,,,,,,,NICKEL,3-3-5,,,,,0,,COMPLETE,,,,03:57,,'-35,,,,,,,3-0-1-1,11,65
22,"2501 Oklahoma State D vs UT Martin, Play 009",TOP,,0,,EVEN,41 OG,,,,,,4,4 SPEC,O,ZONE,,,2,2,TOUCHDOWN,1,2,1,8,R,,,,,,,,,,,,,,,,,,,,,,,,,,,,,,,,,,,,,,,NICKEL,3-3-5,,,,,0,,,,,,03:27,,'-44,,,,,,,3-0-1-1,11,56
23,"2501 Oklahoma State D vs UT Martin, Play 018",TOP,,0,,EVEN,42 WDE,,,,,,3,3 BND,C,ZONE,,MATCH,4,3,PUNT,2,3,8,13,C,,,,,,,,,,,,,,,,,,,,,,,,,,,,,,,,,,,,,,,NICKEL,2-4-5,,,,,0,,,,,,12:26,,'-10,,,,,,,3-0-1-1,11,90
24,"2501 Oklahoma State D vs UT Martin, Play 019",TWINS XTRA,,0,,EVEN,42 UG,LB BOSS,,,,,4,4 SPEC,O,ZONE,,,4,4,PUNT,2,1,10,1,L,,,,,,,,,,,,,,,,,,,,,,,,,,,,,,,,,,,,,,,NICKEL,3-3-5,,,,,0,,,,,,11:57,,'-23,,,,,,,3-0-1-1,11,77
25,"2501 Oklahoma State D vs UT Martin, Play 032",TOP,,0,,EVEN,41 UG,,N/T,,FIRE,CAT,1,BL 1,C,MAN,,,7,4,PUNT,3,1,10,6,R,,,,,,,,,,,,,,,,,,,,,,,,,,,,,,,,,,,,,,,NICKEL,3-3-5,,,,,0,,,,,,13:24,,'-37,,,,,,,3-0-1-1,11,63
26,"2501 Oklahoma State D vs UT Martin, Play 037",TOP,,0,,EVEN,41 UG,,,,,,4,4 SPEC,O,ZONE,,,7,9,PUNT,3,2,11,1,L,,,,,,,,,,,,,,,,,,,,,,,,,,,,,,,,,,,,,,,NICKEL,4-2-5,,,,,0,,LATERAL,,,,11:17,,'+39,,,,,,,3-0-1-1,11,39
27,"2501 Oklahoma State D vs UT Martin, Play 043",TOP,,0,,EVEN,41 UG,LB BOSS W 40,,,FIRE,CAT,1,BL 1,C,MAN,,,8,4,INTERCEPTION,3,1,10,0,R,,,,,,,,,ZOOM,,,,,,,,,,,,,,,,,,,,,,,,,,,,,,NICKEL,3-3-5,,,,,0,,INCOMPLETE,,,,03:40,,'-44,,,,,,,3-0-1-1,11,56
28,"2501 Oklahoma State D vs UT Martin, Play 046",TOP,,0,,EVEN,41 UG,,,,FIRE,M-FIRE,1,BL 1,C,MAN,,,8,7,INTERCEPTION,3,1,10,3,R,,,,,,,,,,,,,,,,,,,,,,,,,,,,,,,,,,,,,,,NICKEL,3-3-5,,,,,0,,,,,,02:36,,'+42,,,,,,,2-0-1-2,12,42
29,"2501 Oklahoma State D vs UT Martin, Play 053",TOP,,0,,EVEN,42 OG,M BUMP ON MO,,,,,3,3 BND,C,ZONE,,,9,2,PUNT,4,1,15,1,L,,,,,,,,,MOTOR,,,,,,,,,,,,,,,,,,,,,,,,,,,,,,NICKEL,3-3-5,,,,,0,,,,,,11:41,,'-17,,,,,,,3-0-1-1,11,83
30,"2501 Oklahoma State D vs UT Martin, Play 055",TOP,,0,,EVEN,41 WDE,BACKERS 7 YDS DEPTH,,,,,2,2 TAMPA,O,ZONE,,,9,4,PUNT,4,3,18,7,R,,,,,,,,,,,,,,,,,,,,,,,,,,,,,,,,,,,,,,,NICKEL,2-4-5,,,,,0,,,,,,10:31,,'-14,,,,,,,3-0-1-1,11,86
31,"2501 Oklahoma State D vs UT Martin, Play 059",TOP,,0,,EVEN,41 WDE,,,,,,3,3 BUZZ BND,C,ZONE,,,10,4,PUNT,4,3,16,10,R,,,,,,,,,,,,,,,,,,,,,,,,,,,,,,,,,,,,,,,NICKEL,2-4-5,,,,,0,,COMPLETE,,,,03:47,,'-19,,,,,,,3-0-1-1,11,81
32,"2501 Oklahoma State D vs UT Martin, Play 012",STACK TOP FIB,,1,,EVEN,42 UG,STEM ON BACK MOTION,,,,,4,4,O,ZONE,,N-BND,3,1,PUNT,1,1,10,0,L,,,,,,,,,SHIFT,,,,,,,,,,,,,,,,,,,,,,,,,,,,,,NICKEL,4-2-5,,,OKST D95 HC,,0,,HIT AS THREW,,,,01:41,,'-30,,,,,,,3-0-1-1,11,70
33,"2501 Oklahoma State D vs UT Martin, Play 010",SPLIT FIB,,1,,EVEN,42 UG,,,,,,4,4 BKT,O,ZONE,,N-BND,2,3,TOUCHDOWN,1,1,10,9,R,,,,,,,,,,,,,,,,,,,,,,,,,,,,,,,,,,,,,,,NICKEL,3-3-5,,,,,0,,RUN,,,,02:52,,'+48,,,,,,,3-0-1-1,11,48
34,"2501 Oklahoma State D vs UT Martin, Play 052",SPLIT,,0,,NO PLAY,,,,,,,,,,,,,9,1,PUNT,4,1,10,0,L,,,,,,,,,,,,,,,,,,,,,,,,,,,,,,,,,,,,,,,NICKEL,3-3-5,,,TNMR 65 FST,,0,,,,,,11:41,,'-22,,,,,,,3-0-1-1,11,78
35,"2501 Oklahoma State D vs UT Martin, Play 054",SPLIT,,0,,EVEN,42 UG,,,,,,3,3 BUZZ FLD,C,ZONE,,,9,3,PUNT,4,2,14,'-4,L,,,,,,,,,,,,,,,,,,,,,,,,,,,,,,,,,,,,,,,NICKEL,3-3-5,,,,,0,,SACK,,,,11:12,,'-18,,,,,,,3-0-1-1,11,82
36,"2501 Oklahoma State D vs UT Martin, Play 004",MT TRIO,,0,,EVEN,42 WDE,M-MUG W-BUMPED,,,,,2,2 CUT,O,ZONE,,,1,4,PUNT,1,3,6,6,L,,,,,,,,,MOTOR,,,,,,,,,,,,,,,,,,,,,,,,,,,,,,NICKEL,2-4-5,,,,,0,,,,,,09:36,,'+50,,,,,,,3-0-1-1,11,50
37,"2501 Oklahoma State D vs UT Martin, Play 027",MT,,0,,EVEN,42 UG,,,,,,3,3 FLD,C,ZONE,,N-BND,6,3,PUNT,2,2,6,'-2,R,,,,,,,,,,,,,,,,,,,,,,,,,,,,,,,,,,,,,,,NICKEL,3-3-5,,,,,0,,,,,,02:00,,'-41,,,,,,,2-0-1-2,12,59
38,"2501 Oklahoma State D vs UT Martin, Play 030",MT,,0,,EVEN,41 UG,,E/N,T/J,,,4,4 SPEC,O,ZONE,,,7,2,PUNT,3,2,7,6,C,,,,,,,,,,,,,,,,,,,,,,,,,,,,,,,,,,,,,,,NICKEL,3-3-5,,,,,0,,COMPLETE,,,,14:29,,'-28,,,,,,,3-0-1-1,11,72
39,"2501 Oklahoma State D vs UT Martin, Play 016",FLUTE,,0,,EVEN,42 EAGLE OV,LB BOSS,,,,,4,4,O,ZONE,,,4,1,PUNT,2,1,10,0,C,,,,,,,,,ZOOM,,,,,,,,,,,,,,,,,,,,,,,,,,,,,,BASE,4-3-4,,,,,0,,INCOMPLETE,,,,13:06,,'-8,,,,,,,2-0-1-2,12,92
40,"2501 Oklahoma State D vs UT Martin, Play 040",FLANK,,0,,EVEN,42 UG,,,,,,4,4 BKT,O,ZONE,,,8,1,INTERCEPTION,3,1,10,'-2,C,,,,,,,,,ZOOM,,,,,,,,,,,,,,,,,,,,,,,,,,,,,,NICKEL,3-3-5,,,,,0,,,,,,05:12,,'-25,,,,,,,2-0-1-2,12,75
41,"2501 Oklahoma State D vs UT Martin, Play 021",FIST,,0,,EVEN,42 WDE,E/J DROP,,,CHG,GUT,1,BL 1 CHG,C,MAN,,,4,6,PUNT,2,3,6,0,R,,,,,,,,,BOUNCE,,,,,,,,,,,,,,,,,,,,,,,,,,,,,,NICKEL,2-4-5,,,,,0,,INCOMPLETE,,,,10:53,,'-27,,,,,,,3-0-1-1,11,73
42,"2501 Oklahoma State D vs UT Martin, Play 022",FIST,,0,,EVEN,42 OG,LB BOSS,,,,,4,4 STUD,O,ZONE,,STUD,5,1,PUNT,2,1,10,1,R,,,,,,,,,STRUT,,,,,,,,,,,,,,,,,,,,,,,,,,,,,,NICKEL,3-3-5,,,,,0,,,,,,08:41,,'-15,,,,,,,3-0-1-1,11,85
43,"2501 Oklahoma State D vs UT Martin, Play 024",FIST,,0,,EVEN,42 WDE,,,,,,3,3 BUZZ FLD,C,ZONE,,,5,3,PUNT,2,3,5,'-1,R,,,,,,,,,ZOOM,,,,,,,,,,,,,,,,,,,,,,,,,,,,,,NICKEL,2-4-5,,,(D) ILM,,0,,SACK,,,,07:32,,'-20,,,,,,,3-0-1-1,11,80
44,"2501 Oklahoma State D vs UT Martin, Play 034",FIST,,0,,EVEN,42 UN,,,,,,1,1 FUN,C,MAN,,,7,6,PUNT,3,2,9,11,R,,,,,,,,,,,,,,,,,,,,,,,,,,,,,,,,,,,,,,,NICKEL,3-3-5,,,,,0,,COMPLETE,,,,12:32,,'-38,,,,,,,3-0-1-1,11,62
45,"2501 Oklahoma State D vs UT Martin, Play 035",FIST,,0,,EVEN,42 UG,LB'S IN 50'S,,,FIRE,CAT,1,BL 1,C,MAN,,,7,7,PUNT,3,1,10,13,L,,,,,,,,,,,,,,,,,,,,,,,,,,,,,,,,,,,,,,,NICKEL,4-2-5,,,,,0,,,,,,12:06,,'-49,,,,,,,3-0-1-1,11,51
46,"2501 Oklahoma State D vs UT Martin, Play 020",DUO,,0,,EVEN,42 UG,,,,,,3,3 BND,C,ZONE,,,4,5,PUNT,2,2,9,3,L,,,,,,,,,MO,BOUNCE,,,,,,,,,,,,,,,,,,,,,,,,,,,,,NICKEL,3-3-5,,,,,0,,COMPLETE,,,,11:24,,'-24,,,,,,,3-0-1-1,11,76
47,"2501 Oklahoma State D vs UT Martin, Play 050",MT,,1,,EVEN,42 OG,,,,,,3,3 FLD,C,ZONE,,N-BND,8,11,INTERCEPTION,4,2,8,4,R,,,,,,,,,MOTOR,,,,,,,,,,,,,,,,,,,,,,,,,,,,,,NICKEL,4-2-5,,,,,0,,,,,,15:00,,'+30,,,,,,,2-0-1-2,12,30
48,"2501 Oklahoma State D vs UT Martin, Play 044",DUO,,0,,EVEN,42 UG,,,,,,3,3 BND,C,ZONE,,,8,5,INTERCEPTION,3,2,10,8,R,,,,,,,,,MOTOR,,,,,,,,,,,,,,,,,,,,,,,,,,,,,,NICKEL,3-3-5,,,,,0,,,,,,03:35,,'-44,,,,,,,3-0-1-1,11,56
49,"2501 Oklahoma State D vs UT Martin, Play 005",DICE,,0,,EVEN,42 UG,W-BUMPED,,,,,4,4 BKT,O,ZONE,,,1,5,PUNT,1,1,10,3,L,,,,,,,,,,,,,,,,,,,,,,,,,,,,,,,,,,,,,,,NICKEL,3-3-5,,,,,0,,,,,,09:00,,'+44,,,,,,,4-0-1-0,10,44
50,"2501 Oklahoma State D vs UT Martin, Play 007",DICE,,0,,EVEN,41 WDE,M-MUG J-DROP,,,CHG,N+B,3,3 FLD CHG,C,ZONE,,,1,7,PUNT,1,3,8,0,R,,,,,,,,,,,,,,,,,,,,,,,,,,,,,,,,,,,,,,,NICKEL,2-4-5,,,,,0,,HIT AS THREW,,,,07:46,,'+42,,,,,,,3-0-1-1,11,42
51,"2501 Oklahoma State D vs UT Martin, Play 051",DICE,,0,,EVEN,42 WDE,,,,CHG,GUT,1,BL 1 CHG,C,MAN,,,8,12,INTERCEPTION,4,3,4,0,R,,,,,,,,,ZIP,,,,,,,,,,,,,,,,,,,,,,,,,,,,,,NICKEL,2-4-5,,OKST D10,,,0,,INTERCEPTION,,,,14:15,,'+26,,,,,,,3-0-1-1,11,26
52,"2501 Oklahoma State D vs UT Martin, Play 002",BIN TRIO FIB,,1,,EVEN,42 EAGLE OV G,,,,,,4,4,O,ZONE,,,1,2,PUNT,1,1,10,2,R,,,,,,,,,MISSILE,,,,,,,,,,,,,,,,,,,,,,,,,,,,,,BASE,4-3-4,,,,,0,,,,,,10:59,,'-46,,,,,,,2-0-1-2,12,54
53,"2501 Oklahoma State D vs UT Martin, Play 025",BIN TRIO FIB,,0,,EVEN,42 UG,,,,,,3,3 FLD,C,ZONE,,N-BND,6,1,PUNT,2,1,10,12,R,,,,,,,,,MISSILE,,,,,,,,,,,,,,,,,,,,,,,,,,,,,,NICKEL,3-3-5,,,,,0,,,,,,02:43,,'-25,,,,,,,2-0-1-2,12,75
54,"2501 Oklahoma State D vs UT Martin, Play 045",BIN TRIO,,0,,EVEN,42 OV SOLID,,,,FIRE,W-B,1,BL 1,C,MAN,,,8,6,INTERCEPTION,3,3,2,6,C,,,,,,,,,ZOOM,,,,,,,,,,,,,,,,,,,,,,,,,,,,,,BASE,4-3-4,,,,,0,,,,,,03:06,,'+48,,,,,,,2-0-1-2,12,48
55,"2501 Oklahoma State D vs UT Martin, Play 017",BIN DUO FIB,,0,,EVEN,42 UG,,,,,,3,3 FLD,C,ZONE,,N-BND,4,2,PUNT,2,2,10,2,C,,,,,,,,,,,,,,,,,,,,,,,,,,,,,,,,,,,,,,,NICKEL,3-3-5,,,,,0,,,,,,13:00,,'-8,,,,,,,3-0-1-1,11,92
56,"2501 Oklahoma State D vs UT Martin, Play 023",BIN DUO,,0,,EVEN,42 OG,LB BUMP ON MO,,,,,3,3 BND,C,ZONE,,MATCH,5,2,PUNT,2,2,9,4,R,,,,,,,,,MISSILE,,,,,,,,,,,,,,,,,,,,,,,,,,,,,,NICKEL,3-3-5,,,,,0,,COMPLETE,,,,08:13,,'-16,,,,,,,3-0-1-1,11,84
57,"2501 Oklahoma State D vs UT Martin, Play 006",BIN DICE,,0,,EVEN,42 OG,W-ZERO,,,,,3,3 BND,C,ZONE,,MATCH AWAY FROM RB,1,6,PUNT,1,2,7,'-1,L,,,,,,,,,,,,,,,,,,,,,,,,,,,,,,,,,,,,,,,NICKEL,3-3-5,,,,,0,,SACK,,,,08:30,,'+41,,,,,,,4-0-1-0,10,41
58,"2501 Oklahoma State D vs UT Martin, Play 015",BASH TOP,,0,,EVEN,41 WDE,LB BOSS,,,,,4,4 SPEC,O,ZONE,,D-R,3,4,PUNT,1,3,8,'-6,L,,,,,,,,,,,,,,,,,,,,,,,,,,,,,,,,,,,,,,,NICKEL,2-4-5,,,,,0,,SACK,,,,00:45,,'-47,,,,,,,3-0-1-1,11,53
59,"2501 Oklahoma State D vs UT Martin, Play 042",BASH TOP,,0,,EVEN,42 UG,J-DROP,M/E,,CHG,M+B,1,BL 1 CHG,C,MAN,,,8,3,INTERCEPTION,3,3,8,17,R,,,,,,,,,,,,,,,,,,,,,,,,,,,,,,,,,,,,,,,NICKEL,2-4-5,,,,,0,,COMPLETE,,,,04:03,,'-27,,,,,,,3-0-1-1,11,73
60,"2501 Oklahoma State D vs UT Martin, Play 011",BASH DICE,,0,,EVEN,41 UG,W-BUMPED,,,,,4,4,O,ZONE,,,2,4,TOUCHDOWN,1,2,1,39,L,,,,,,,,,,,,,,,,,,,,,,,,,,,,,,,,,,,,,,,NICKEL,3-3-5,,,,,1,,COMPLETE,,,,02:23,,'+39,,,,,,,3-0-1-1,11,39
61,"2502 Oklahoma State D @ Oregon , Play 001",BIN TRIPS,,0,,ODD,51 WUW,N-SHADE,,,,,4,4,O,ZONE,,,1,1,TOUCHDOWN,1,1,10,6,R,,,,,,,,,MOTOR,,,,,,,,,,,,,,,,,,,,,,,,,,,,,,NICKEL,3-3-5,,,,,0,,COMPLETE,,,,15:00,,'-35,,,,,,,2-0-1-2,12,65
62,"2502 Oklahoma State D @ Oregon , Play 002",OFF FIST,,0,,EVEN,41 UG,M-APEX,,,,,4,4 SPEC,O,ZONE,,,1,2,TOUCHDOWN,1,2,4,59,L,,,,,,,,,,,,,,,,,,,,,,,,,,,,,,,,,,,,,,,NICKEL,3-3-5,,,,,0,,,,,,14:30,,'-41,,,,,,,2-0-2-1,21,59
63,"2502 Oklahoma State D @ Oregon , Play 003",BIN TRIO,,0,,ODD,32 WK,J-DROP,E/N,,CHG,W-A,3,3 BUZZ FLD CHG,C,ZONE,,,2,1,TOUCHDOWN,1,1,10,65,R,,,,,,,,,FLY,,,,,,,,,,,,,,,,,,,,,,,,,,,,,,NICKEL,3-3-5,,,,,0,,COMPLETE,,,,13:36,,'-35,,,,,,,3-0-1-1,11,65
64,"2502 Oklahoma State D @ Oregon , Play 004",FLEX,,0,,ODD,51 WUW,N-SHADE,,,,,3,3 BUZZ FLD,C,ZONE,,,3,1,DOWNS,1,1,10,12,L,,,,,,,,,FAR,,,,,,,,,,,,,,,,,,,,,,,,,,,,,,NICKEL,3-3-5,,,,,0,,,,,,11:19,,'-27,,,,,,,3-0-1-1,11,73
65,"2502 Oklahoma State D @ Oregon , Play 005",FIST,,0,,EVEN,42 UG,,,,,,3,3 BUZZ FLD,C,ZONE,,,3,2,DOWNS,1,1,10,11,L,,,,,,,,,,,,,,,,,,,,,,,,,,,,,,,,,,,,,,,NICKEL,3-3-5,,,,,0,,,,,,10:47,,'-39,,,,,,,3-0-1-1,11,61
66,"2502 Oklahoma State D @ Oregon , Play 006",BIN TRIO FIB,,1,,ODD,51 WUW,,,,,,3,3 BND,C,ZONE,,,3,3,DOWNS,1,1,10,5,L,,,,,,,,,,,,,,,,,,,,,,,,,,,,,,,,,,,,,,,NICKEL,3-3-5,,,ORUN 09 OH,,0,,COMPLETE,,,,10:16,,'+50,,,,,,,2-0-1-2,12,50
67,"2502 Oklahoma State D @ Oregon , Play 007",BIN DICE,,0,,EVEN,42 OG,LB BOSS,,,FIRE,M-FIRE,1,BL 1,C,MAN,,,3,4,DOWNS,1,1,15,1,L,,,,,,,,,MISSILE,,,,,,,,,,,,,,,,,,,,,,,,,,,,,,NICKEL,3-3-5,,,,,0,,COMPLETE,,,,09:50,,'-45,,,,,,,2-0-2-1,21,55
68,"2502 Oklahoma State D @ Oregon , Play 008",DICE,,0,,ODD,32 WK,LB BOW,,,FIRE,W-FIRE,1,BL 1,C,MAN,,,3,5,DOWNS,1,2,14,0,R,,,,,,,,,,,,,,,,,,,,,,,,,,,,,,,,,,,,,,,NICKEL,3-3-5,,,,,0,,INCOMPLETE,,,,09:14,,'-46,,,,,,,2-0-1-2,12,54
69,"2502 Oklahoma State D @ Oregon , Play 009",DICE,,0,,EVEN,42 FLD KNC,,,,,,6,6,O,ZONE,,,3,6,DOWNS,1,3,14,10,R,,,,,,,,,BOUNCE,,,,,,,,,,,,,,,,,,,,,,,,,,,,,,NICKEL,2-4-5,,,,,0,,COMPLETE,,,,09:09,,'-46,,,,,,,3-0-1-1,11,54
70,"2502 Oklahoma State D @ Oregon , Play 010",BIN TRIO FIB,,0,,ODD,32 WK WDE,"M/W MUG, J-DROP",,,CHG,M+B,1,BL 1 CHG,C,MAN,,,3,7,DOWNS,1,4,4,0,L,,,,,,,,,MISSILE,,,,,,,,,,,,,,,,,,,,,,,,,,,,,,NICKEL,2-4-5,,,,,0,,INCOMPLETE,,,,08:32,,'+44,,,,,,,3-0-1-1,11,44
71,"2502 Oklahoma State D @ Oregon , Play 011",SPLIT FIB,,1,,EVEN,42 UG,,,,,,4,4 BKT,O,ZONE,,N-BND,4,1,TOUCHDOWN,1,1,10,9,L,,,,,,,,,,,,,,,,,,,,,,,,,,,,,,,,,,,,,,,NICKEL,3-3-5,,,,,0,,,,,,07:15,,'-20,,,,,,,2-0-2-1,21,80
72,"2502 Oklahoma State D @ Oregon , Play 012",NO PLAY,,0,,,,,,,,,,,,,,,4,2,TOUCHDOWN,1,2,1,0,L,,,,,,,,,,,,,,,,,,,,,,,,,,,,,,,,,,,,,,,NICKEL,3-3-5,,,ORUN 03 FST,,0,,,,,,06:42,,'-29,,,,,,,2-0-1-2,12,71
73,"2502 Oklahoma State D @ Oregon , Play 013",DICE,,0,,EVEN,42 HEADS,,,,,,4,4,O,ZONE,,,4,3,TOUCHDOWN,1,2,6,53,L,,,,,,,,,NEAR,NEAR,,,,,,,,,,,,,,,,,,,,,,,,,,,,,NICKEL,3-3-5,,,,,0,,,,,,06:24,,'-24,,,,,,,2-0-1-2,12,76
74,"2502 Oklahoma State D @ Oregon , Play 014",STACK DICE,,0,,ODD,31 STR,N-SHADE,,,,,3,3 BUZZ BND,C,ZONE,,,4,4,TOUCHDOWN,1,1,10,4,R,,,,,,,,,,,,,,,,,,,,,,,,,,,,,,,,,,,,,,,NICKEL,3-3-5,,,,,0,,COMPLETE,,,,05:55,,'+23,,,,,,,2-0-1-2,12,23
75,"2502 Oklahoma State D @ Oregon , Play 015",BIN DICE,,0,,EVEN,42 OG,,,,FIRE,N-FIRE,3,BZ 3 FLD,C,ZONE,,,4,5,TOUCHDOWN,1,2,6,19,L,,,,,,,,,FAR,,,,,,,,,,,,,,,,,,,,,,,,,,,,,,NICKEL,3-3-5,,,,,1,,,,,,05:12,,'+19,,,,,,,3-0-1-1,11,19
76,"2502 Oklahoma State D @ Oregon , Play 016",MT BIN FLUTE,,0,,EVEN,42 UG,,,,,,7,RED 7,O,ZONE,,,,,,1,0,0,3,C,,,,,,,,,MOTOR,,,,,,,,,,,,,,,,,,,,,,,,,,,,,,NICKEL,3-3-5,,,ISH,,0,,COMPLETE,,,,05:04,,'+3,,,,,,,3-0-1-1,11,3
77,"2502 Oklahoma State D @ Oregon , Play 017",DOUBLE,,0,,EVEN,42 OG,,,,,,4,4,O,ZONE,,,5,1,TOUCHDOWN,2,1,10,0,C,,,,,,,,,NEAR,,,,,,,,,,,,,,,,,,,,,,,,,,,,,,NICKEL,3-3-5,,,ORUN 02 FST,,0,,,,,,12:08,,'-25,,,,,,,3-0-1-1,11,75
78,"2502 Oklahoma State D @ Oregon , Play 018",XTRA TRIO,,0,,EVEN,42 OG,,,,,,3,3 BUZZ FLD,C,ZONE,,,5,2,TOUCHDOWN,2,1,15,26,C,,,,,,,,,BOUNCE,,,,,,,,,,,,,,,,,,,,,,,,,,,,,,NICKEL,3-3-5,,,,,0,,COMPLETE,,,,12:08,,'-20,,,,,,,3-0-1-1,11,80
79,"2502 Oklahoma State D @ Oregon , Play 019",BIN TRIO,,0,,EVEN,42 UG,LB BOSS,,,FIRE,CAT,3,BZ 3 BND,C,ZONE,,,5,3,TOUCHDOWN,2,1,10,2,L,,,,,,,,,,,,,,,,,,,,,,,,,,,,,,,,,,,,,,,NICKEL,3-3-5,,,,,0,,,,,,11:46,,'-46,,,,,,,3-0-1-1,11,54
80,"2502 Oklahoma State D @ Oregon , Play 020",XTRA TRIPS,,0,,EVEN,42 OG,,,,FIRE,F$-FIRE,1,BL 1,C,MAN,,,5,4,TOUCHDOWN,2,2,8,5,C,,,,,,,,,MO,,,,,,,,,,,,,,,,,,,,,,,,,,,,,,NICKEL,3-3-5,,,,,0,,,,,,11:05,,'-48,,,,,,,2-0-2-1,21,52
81,"2502 Oklahoma State D @ Oregon , Play 021",TOP,,0,,ODD,50-MU,E-DROP,,,FIRE,W-FIRE,1,BL 1,C,MAN,,,5,5,TOUCHDOWN,2,3,3,5,L,,,,,,,,,BOUNCE,,,,,,,,,,,,,,,,,,,,,,,,,,,,,,NICKEL,2-4-5,,,,,0,,,,,,10:24,,'+47,,,,,,,3-0-1-1,11,47
82,"2502 Oklahoma State D @ Oregon , Play 022",BIN DUO,,0,,EVEN,42 OG,LB BOSS,,,,,3,3 BND,C,ZONE,,,5,6,TOUCHDOWN,2,1,10,42,C,,,,,,,,,MISSILE,,,,,,,,,,,,,,,,,,,,,,,,,,,,,,NICKEL,3-3-5,,,,,0,,COMPLETE,,,,09:45,,'+42,,,,,,,3-0-1-1,11,42
83,"2502 Oklahoma State D @ Oregon , Play 023",DOUBLE FIB,,1,,ODD,32 WK,J-DROP,,,CHG,W-A,3,3 BUZZ FLD CHG,C,ZONE,,,6,1,TOUCHDOWN,2,1,10,28,R,,,,,,,,,MOTOR,,,,,,,,,,,,,,,,,,,,,,,,,,,,,,NICKEL,3-3-5,,,,,1,,COMPLETE,,,,07:52,,'-37,,,,,,,3-0-1-1,11,63
84,"2502 Oklahoma State D @ Oregon , Play 024",FIST,,0,,EVEN,41 UG,,,,,,4,4 SPEC,O,ZONE,,,6,2,TOUCHDOWN,2,1,10,7,L,,,,,,,,,,,,,,,,,,,,,,,,,,,,,,,,,,,,,,,NICKEL,3-3-5,,,,,0,,COMPLETE,,,,07:14,,'+35,,,,,,,3-0-1-1,11,35
85,"2502 Oklahoma State D @ Oregon , Play 025",MT,,0,,EVEN,41 OG,W-MUG,W/N,,HOT,SPL,0,BL 0,O,MAN,,,6,3,TOUCHDOWN,2,2,3,0,R,,,,,,,,,,,,,,,,,,,,,,,,,,,,,,,,,,,,,,,NICKEL,3-3-5,,,,,0,,THROWN AWAY,,,,06:44,,'+28,,,,,,,3-0-1-1,11,28
86,"2502 Oklahoma State D @ Oregon , Play 026",FLUTE,,0,,EVEN,42 OG,,,,FIRE,N-FIRE,3,BZ 3 FLD,C,ZONE,,,6,4,TOUCHDOWN,2,3,3,3,R,,,,,,,,,,,,,,,,,,,,,,,,,,,,,,,,,,,,,,,NICKEL,3-3-5,,,,,1,,,,,,06:38,,'+28,,,,,,,1-0-1-3,13,28
87,"2502 Oklahoma State D @ Oregon , Play 027",TRIPS FIB,,0,,ODD,32 WK,J-DROP,T/N,,CHG,M+B,3,3 BUZZ FLD CHG,C,ZONE,,,6,5,TOUCHDOWN,2,1,10,25,R,,,,,,,,,TRAVEL,MOTOR,,,,,,,,,,,,,,,,,,,,,,,,,,,,,NICKEL,3-3-5,,,,,0,,,,,,05:55,,'+25,,,,,,,2-0-1-2,12,25
88,"2502 Oklahoma State D @ Oregon , Play 028",OFF FIST,,0,,EVEN,42 HEADS,LB BOSS,,,,,3,3 BND,C,ZONE,,,7,1,TOUCHDOWN,2,1,10,0,L,,,,,,,,,MOTOR,,,,,,,,,,,,,,,,,,,,,,,,,,,,,,NICKEL,3-3-5,,,,,0,,,,,,04:20,,'-24,,,,,,,2-0-2-1,21,76
89,"2502 Oklahoma State D @ Oregon , Play 029",MT,,0,,EVEN,41 UG,M-APEX W-FLD,E/N,T/J,,,4,4 SPEC,O,ZONE,,,7,2,TOUCHDOWN,2,2,10,9,R,,,,,,,,,,,,,,,,,,,,,,,,,,,,,,,,,,,,,,,NICKEL,3-3-5,,,,,0,,COMPLETE,,,,03:50,,'-24,,,,,,,3-0-1-1,11,76
90,"2502 Oklahoma State D @ Oregon , Play 030",HEAVY,,0,,EVEN,61 GAPS,,,,,,1,BL 1,C,MAN,,,7,3,TOUCHDOWN,2,3,1,1,C,,,,,,,,,,,,,,,,,,,,,,,,,,,,,,,,,,,,,,,NICKEL,3-3-5,,,,,0,,,,,,03:31,,'-33,,,,,,,3-0-1-1,11,67
91,"2502 Oklahoma State D @ Oregon , Play 031",DOUBLE,,0,,ODD,51 MU,,T/N,,,,3,3 BUZZ FLD,C,ZONE,,,7,4,TOUCHDOWN,2,1,10,6,C,,,,,,,,,FAR,,,,,,,,,,,,,,,,,,,,,,,,,,,,,,NICKEL,3-3-5,,,,,0,,,,,,02:50,,'-34,,,,,,,3-0-1-1,11,66
92,"2502 Oklahoma State D @ Oregon , Play 032",DUO,,0,,EVEN,42 UG,,,,FIRE,CAT,3,BZ 3 BND,C,ZONE,,,7,5,TOUCHDOWN,2,2,4,6,R,,,,,,,,,,,,,,,,,,,,,,,,,,,,,,,,,,,,,,,NICKEL,3-3-5,,,,,0,,,,,,02:12,,'-40,,,,,,,3-0-1-1,11,60
93,"2502 Oklahoma State D @ Oregon , Play 033",TWINS,,0,,EVEN,42 UG,,,,,,3,3 BUZZ FLD,C,ZONE,,,7,6,TOUCHDOWN,2,1,10,25,R,,,,,,,,,,,,,,,,,,,,,,,,,,,,,,,,,,,,,,,NICKEL,3-3-5,,,,,0,,COMPLETE,,,,02:00,,'-46,,,,,,,3-0-1-1,11,54
94,"2502 Oklahoma State D @ Oregon , Play 034",STACK DICE,,0,,EVEN,41 UG,W-APEX,E/N,T/J,,,4,4,O,ZONE,,,7,7,TOUCHDOWN,2,1,10,0,R,,,,,,,,,,,,,,,,,,,,,,,,,,,,,,,,,,,,,,,NICKEL,3-3-5,,,,,0,,INCOMPLETE,,,,01:45,,'+29,,,,,,,3-0-1-1,11,29
95,"2502 Oklahoma State D @ Oregon , Play 035",TOP,,0,,EVEN,41 OG,M-APEX,T/E,J/N,,,4,4 SPEC,O,ZONE,,,7,8,TOUCHDOWN,2,2,10,'-1,R,,,,,,,,,,,,,,,,,,,,,,,,,,,,,,,,,,,,,,,NICKEL,3-3-5,,,,,0,,,,,,01:39,,'+29,,,,,,,3-0-1-1,11,29
96,"2502 Oklahoma State D @ Oregon , Play 036",DICE,,0,,ODD,32 WDE,J-DROP,,,CHG,STEELER-SPL,2,2 CUT CHG,O,ZONE,,,7,9,TOUCHDOWN,2,3,11,8,R,,,,,,,,,FAR,,,,,,,,,,,,,,,,,,,,,,,,,,,,,,NICKEL,2-4-5,,,,,0,,,,,,01:02,,'+30,,,,,,,3-0-1-1,11,30
97,"2502 Oklahoma State D @ Oregon , Play 037",SPLIT FIB,,0,,EVEN,41 HEADS,WUW,,,FIRE,W-FIRE,1,BL 1,C,MAN,,,7,10,TOUCHDOWN,2,4,3,7,R,,,,,,,,,FLY,,,,,,,,,,,,,,,,,,,,,,,,,,,,,,NICKEL,2-4-5,,,,,0,,COMPLETE,,,,00:35,,'+22,,,,,,,3-0-1-1,11,22
98,"2502 Oklahoma State D @ Oregon , Play 038",BASH FIST,,0,,EVEN,42 UG,,,,,,4,4,O,ZONE,,SW BKT,7,11,TOUCHDOWN,2,1,10,10,R,,,,,,,,,BOUNCE,,,,,,,,,,,,,,,,,,,,,,,,,,,,,,NICKEL,3-3-5,,,,,0,,RUN,,,,00:31,,'+15,,,,,,,3-0-1-1,11,15
99,"2502 Oklahoma State D @ Oregon , Play 039",TWINS FIB,,1,,EVEN,42 UG,,,,HOT,HOUSE,0,BL 0,O,MAN,,,7,12,TOUCHDOWN,2,1,5,5,R,,,,,,,,,,,,,,,,,,,,,,,,,,,,,,,,,,,,,,,NICKEL,3-3-5,,,,,0,,,,,,00:16,,'+5,,,,,,,3-0-1-1,11,5
100,"2502 Oklahoma State D @ Oregon , Play 040",FIST,,0,,ODD,32 WK,,,,,,4,4,O,ZONE,,,8,1,TOUCHDOWN,3,1,10,3,L,,,,,,,,,BOUNCE,,,,,,,,,,,,,,,,,,,,,,,,,,,,,,NICKEL,3-3-5,,,,,0,,,,,,13:40,,'-37,,,,,,,3-0-1-1,11,63
101,"2502 Oklahoma State D @ Oregon , Play 041",BIN DICE,,0,,EVEN,41 OG,"W-APEX, E-DROP",,,CHG,W-FIRE,1,BL 1 CHG,C,MAN,,,8,2,TOUCHDOWN,3,2,7,6,L,,,,,,,,,,,,,,,,,,,,,,,,,,,,,,,,,,,,,,,NICKEL,3-3-5,,,,,0,,COMPLETE,,,,13:08,,'-40,,,,,,,3-0-1-1,11,60
102,"2502 Oklahoma State D @ Oregon , Play 042",BIN TRIO,,0,,EVEN,41 HEADS,WUW,,,HOT,HOUSE,1,BL 1,C,MAN,,,8,3,TOUCHDOWN,3,3,1,3,L,,,,,,,,,,,,,,,,,,,,,,,,,,,,,,,,,,,,,,,NICKEL,3-3-5,,,,,0,,,,,,12:56,,'-46,,,,,,,3-0-1-1,11,54
103,"2502 Oklahoma State D @ Oregon , Play 043",BIN DICE,,0,,ODD,51 WU,,,,,,1,1 FUN,C,MAN,,,8,4,TOUCHDOWN,3,1,10,0,L,,,,,,,,,NEAR,NEAR,,,,,,,,,,,,,,,,,,,,,,,,,,,,,NICKEL,3-3-5,,,,,0,,INCOMPLETE,,,,12:16,,'-49,,,,,,,2-0-1-2,12,51
104,"2502 Oklahoma State D @ Oregon , Play 044",TRIPS,,1,,ODD,51 WU,N-SHADE,,,,,3,3 BND,C,ZONE,,,8,5,TOUCHDOWN,3,2,10,1,L,,,,,,,,,FAR,,,,,,,,,,,,,,,,,,,,,,,,,,,,,,NICKEL,3-3-5,,,,,0,,,,,,12:11,,'-49,,,,,,,2-0-1-2,12,51
105,"2502 Oklahoma State D @ Oregon , Play 045",TOP,,0,,EVEN,41 WDE,,E/N,J/T,,,6,6 SPEC,O,ZONE,,,8,6,TOUCHDOWN,3,3,9,14,L,,,,,,,,,ZIP,,,,,,,,,,,,,,,,,,,,,,,,,,,,,,NICKEL,2-4-5,,,,,0,,COMPLETE,,,,11:35,,'+50,,,,,,,3-0-1-1,11,50
106,"2502 Oklahoma State D @ Oregon , Play 046",TRIO FIB,,1,,ODD,31 WK,W-APEX,,,,,3,3 BUZZ BND,C,ZONE,,,8,7,TOUCHDOWN,3,1,10,17,R,,,,,,,,,,,,,,,,,,,,,,,,,,,,,,,,,,,,,,,NICKEL,3-3-5,,,,,0,,,,,,11:15,,'+36,,,,,,,3-0-1-1,11,36
107,"2502 Oklahoma State D @ Oregon , Play 047",TACKLE OVER,,0,,EVEN NC,NC 42 HEADS,,,,,,3,3 BND,C,ZONE,,,8,8,TOUCHDOWN,3,1,10,4,L,,,,,,,,,,,,,,,,,,,,,,,,,,,,,,,,,,,,,,,NICKEL,3-3-5,,,,,1,,,,,,10:31,,'+19,,,,,,,3-0-1-1,11,19
108,"2502 Oklahoma State D @ Oregon , Play 048",SPOON,,0,,EVEN,42 UG,,,,FIRE,CAT,3,BZ 3 BND,C,ZONE,,,8,9,TOUCHDOWN,3,2,6,4,R,,,,,,,,,,,,,,,,,,,,,,,,,,,,,,,,,,,,,,,NICKEL,3-3-5,,,,,0,,,,,,09:53,,'+15,,,,,,,2-0-2-1,21,15
109,"2502 Oklahoma State D @ Oregon , Play 049",BIN DEUCE,,0,,ODD,52,,,,,,1,BL 1,C,MAN,,,8,10,TOUCHDOWN,3,3,2,11,R,,,,,,,,,MISSILE,,,,,,,,,,,,,,,,,,,,,,,,,,,,,,BASE,4-3-4,,,(D) OKST D05 DH,,0,,COMPLETE,,,,09:26,,'+11,,,,,,,2-0-1-2,12,11
110,"2502 Oklahoma State D @ Oregon , Play 050",SPLIT FIB,,1,,EVEN,42 HEADS,,,,,,3,3 FLD,C,ZONE,,N-BND,9,1,MISSED FG,3,1,10,0,R,,,,,,,,,,,,,,,,,,,,,,,,,,,,,,,,,,,,,,,NICKEL,3-3-5,,,OKST D10 DH,,0,,INCOMPLETE,,,,07:16,,'-46,,,,,,,2-0-2-1,21,54
111,"2502 Oklahoma State D @ Oregon , Play 051",FIST,,0,,EVEN,42 UG,,,,,,3,3 BND,C,ZONE,,,9,2,MISSED FG,3,1,10,5,R,,,,,,,,,BOUNCE,,,,,,,,,,,,,,,,,,,,,,,,,,,,,,NICKEL,3-3-5,,,,,0,,,,,,07:11,,'+44,,,,,,,2-0-2-1,21,44
112,"2502 Oklahoma State D @ Oregon , Play 052",SPLIT FIB,,1,,NO PLAY,,,,,,,,,,,,,9,3,MISSED FG,3,2,5,0,R,,,,,,,,,,,,,,,,,,,,,,,,,,,,,,,,,,,,,,,NICKEL,3-3-5,,,ORUN 71 FST,,0,,,,,,06:40,,'+39,,,,,,,2-0-2-1,21,39
113,"2502 Oklahoma State D @ Oregon , Play 053",TOP,,0,,EVEN,41 WDE,MUW,N/E,T/J,FIRE,M-FIRE,1,BL 1,C,MAN,,,9,4,MISSED FG,3,2,10,2,R,,,,,,,,,FLY,,,,,,,,,,,,,,,,,,,,,,,,,,,,,,NICKEL,3-3-5,,,,,0,,COMPLETE,,,,06:23,,'+44,,,,,,,3-0-1-1,11,44
114,"2502 Oklahoma State D @ Oregon , Play 054",DICE,,0,,EVEN,41 WDE,"M-APEX , W-ZERO, J-DROP",,,CHG,W+A,3,3 BUZZ FLD CHG,C,ZONE,,,9,5,MISSED FG,3,3,8,3,C,,,,,,,,,BOUNCE,MOTOR,,,,,,,,,,,,,,,,,,,,,,,,,,,,,NICKEL,2-4-5,,,,,0,,,,,,05:45,,'+42,,,,,,,3-0-1-1,11,42
115,"2502 Oklahoma State D @ Oregon , Play 055",BIN DICE,,0,,ODD,32 WK,,,,,,4,4,O,ZONE,,,10,1,TOUCHDOWN,3,1,10,2,C,,,,,,,,,NEAR,NEAR,,,,,,,,,,,,,,,,,,,,,,,,,,,,,NICKEL,3-3-5,,,,,0,,,,,,02:54,,'-45,,,,,,,2-0-1-2,12,55
116,"2502 Oklahoma State D @ Oregon , Play 056",XTRA BIN TRIO,,0,,EVEN,42 UG,LB BOSS,T/J,,,,4,4 SPEC,O,ZONE,,STUD,10,2,TOUCHDOWN,3,2,8,51,L,,,,,,,,,BURN,,,,,,,,,,,,,,,,,,,,,,,,,,,,,,NICKEL,3-3-5,,,,,0,,COMPLETE,,,,02:26,,'-47,,,,,,,3-0-1-1,11,53
117,"2502 Oklahoma State D @ Oregon , Play 057",XTRA STACK TWINS FIB,,1,,EVEN,61 GAPS,,,,,,0,BL 0,O,MAN,,,10,3,TOUCHDOWN,3,1,2,1,R,,,,,,,,,,,,,,,,,,,,,,,,,,,,,,,,,,,,,,,NICKEL,3-3-5,,,,,0,,,,,,01:55,,'+2,,,,,,,3-0-1-1,11,2
118,"2502 Oklahoma State D @ Oregon , Play 058",HEAVY,,0,,EVEN,62 GAPS,,,,HOT,HOUSE,0,BL 0,O,MAN,,,10,4,TOUCHDOWN,3,2,1,1,C,,,,,,,,,,,,,,,,,,,,,,,,,,,,,,,,,,,,,,,HEAVY,10 Men,,,,,0,,,,,,01:21,,'+1,,,,,,,0-0-1-3 (*),14H,1
119,"2502 Oklahoma State D @ Oregon , Play 059",BIN TRIPS,,0,,EVEN,42 OG,,,,,,3,3 BND,C,ZONE,,,11,1,PUNT,4,1,10,3,L,,,,,,,,,,,,,,,,,,,,,,,,,,,,,,,,,,,,,,,NICKEL,3-3-5,,,,,0,,,,,,13:43,,'-29,,,,,,,2-0-1-2,12,71
120,"2502 Oklahoma State D @ Oregon , Play 060",XTRA TRIO,,0,,EVEN,42 UG,E-DROP,,,CHG,W+A,3,3 BND CHG,C,ZONE,,,11,2,PUNT,4,2,7,0,C,,,,,,,,,MOTOR,,,,,,,,,,,,,,,,,,,,,,,,,,,,,,NICKEL,3-3-5,,,,,0,,,,,,13:02,,'-32,,,,,,,3-0-1-1,11,68
121,"2502 Oklahoma State D @ Oregon , Play 061",DICE,,0,,EVEN,41 WDE,,,,,,1,1 FUN,C,MAN,,,11,3,PUNT,4,3,7,22,C,,,,,,,,,BOUNCE,,,,,,,,,,,,,,,,,,,,,,,,,,,,,,NICKEL,2-4-5,,,,,0,,RUN,,,,12:24,,'-32,,,,,,,3-0-1-1,11,68
122,"2502 Oklahoma State D @ Oregon , Play 062",DICE,,0,,ODD,32 WK,STEM,,,,,4,4,O,ZONE,,,11,4,PUNT,4,1,10,5,R,,,,,,,,,NEAR,,,,,,,,,,,,,,,,,,,,,,,,,,,,,,NICKEL,3-3-5,,,,,0,,,,,,11:44,,'+46,,,,,,,3-0-1-1,11,46
123,"2502 Oklahoma State D @ Oregon , Play 063",FIST,,0,,NO PLAY,,,,,,,,,,,,,11,5,PUNT,4,2,5,0,R,,,,,,,,,,,,,,,,,,,,,,,,,,,,,,,,,,,,,,,NICKEL,3-3-5,,,ORUN 83 FST,,0,,,,,,11:06,,'+41,,,,,,,3-0-1-1,11,41
124,"2502 Oklahoma State D @ Oregon , Play 064",DOUBLE,,0,,EVEN,42 UG,,,,,,1,1 FUN,C,MAN,,,11,6,PUNT,4,2,10,5,C,,,,,,,,,FAR,,,,,,,,,,,,,,,,,,,,,,,,,,,,,,NICKEL,3-3-5,,,,,0,,,,,,10:44,,'+46,,,,,,,3-0-1-1,11,46
125,"2502 Oklahoma State D @ Oregon , Play 065",FIST,,0,,ODD,51 WUW,N-SHADE,N/T,,FIRE,W-FIRE,1,BL 1,C,MAN,,,11,7,PUNT,4,3,5,0,C,,,,,,,,,,,,,,,,,,,,,,,,,,,,,,,,,,,,,,,NICKEL,3-3-5,,,,,0,,INCOMPLETE,,,,10:08,,'+41,,,,,,,3-0-1-1,11,41
126,"2502 Oklahoma State D @ Oregon , Play 066",BIN TRIO,,0,,EVEN,42 HEADS,LB BOSS,,,,,3,3 BND,C,ZONE,,,12,1,PUNT,4,1,10,'-1,L,,,,,,,,,,,,,,,,,,,,,,,,,,,,,,,,,,,,,,,NICKEL,3-3-5,,,,,0,,,,,,05:48,,'-34,,,,,,,2-0-1-1 (*),12H,66
127,"2502 Oklahoma State D @ Oregon , Play 067",DOUBLE,,0,,EVEN,42 UG,,,,,,3,3 BND,C,ZONE,,,12,2,PUNT,4,2,11,0,R,,,,,,,,,FAR,,,,,,,,,,,,,,,,,,,,,,,,,,,,,,NICKEL,3-3-5,,,,,0,,HIT AS THREW,,,,05:04,,'-33,,,,,,,3-0-1-1,11,67
128,"2502 Oklahoma State D @ Oregon , Play 068",DICE,,0,,EVEN,42 WDE,,,,,,3,3 BND,C,ZONE,,,12,3,PUNT,4,3,11,0,R,,,,,,,,,,,,,,,,,,,,,,,,,,,,,,,,,,,,,,,NICKEL,3-3-5,,,OKST D17 DOF,,0,,HIT AS THREW,,,,05:00,,'-33,,,,,,,3-0-1-1,11,67
129,"2502 Oklahoma State D @ Oregon , Play 069",DICE,,0,,EVEN,41 OG,W-APEX,T/E,J/N,,,4,4,O,ZONE,,,12,4,PUNT,4,3,6,'-4,R,,,,,,,,,FLY,,,,,,,,,,,,,,,,,,,,,,,,,,,,,,NICKEL,3-3-5,,,,,0,,,,,,04:49,,'-38,,,,,,,3-0-1-1,11,62
130,"2503 Oklahoma State D vs Tulsa, Play 001",DICE,,0,,EVEN,41 OG,W-APEX,,,,,4,4,O,ZONE,,,1,1,TOUCHDOWN,1,1,10,3,L,,,,,,,,,,,,,,,,,,,,,,,,,,,,,,,,,,,,,,,NICKEL,3-3-5,,,,,0,,,,,,11:45,,'-25,,,,,,,3-0-1-1,11,75
131,"2503 Oklahoma State D vs Tulsa, Play 002",DUO,,0,,EVEN,42 UG,,,,,,3,3 BND,C,ZONE,,,1,2,TOUCHDOWN,1,2,7,42,R,,,,,,,,,MOTOR,,,,,,,,,,PHILLY PAP,,,,,,,,,,,,,,,,,,,,NICKEL,3-3-5,,,,,0,,COMPLETE,,,,11:27,,'-28,,,,,,,3-0-1-1,11,72
132,"2503 Oklahoma State D vs Tulsa, Play 003",FIST,,0,,EVEN,42 UG,,,,FIRE,M+B,1,BL 1,C,MAN,,,1,3,TOUCHDOWN,1,1,10,'-1,R,,,,,,,,,,,,,,,,,,,,,,,,,,,,,,,,,,,,,,,NICKEL,3-3-5,,,,,0,,,,,,11:00,,'+30,,,,,,,3-0-1-1,11,30
133,"2503 Oklahoma State D vs Tulsa, Play 004",MT FIB,,1,,EVEN,42 UG,E-DROP,,,CHG,W+A,3,3 BND CHG,C,ZONE,,,1,4,TOUCHDOWN,1,2,11,12,R,,,,,,,,,,,,,,,,,,,MTR BUFFALO Q,JORDAN FIB,,,,,,,,,,,,,,,,,,,NICKEL,3-3-5,,,,,0,,COMPLETE,,,,10:26,,'+31,,,,,,,3-0-1-1,11,31
134,"2503 Oklahoma State D vs Tulsa, Play 005",TRIPS,,0,,EVEN,42 OG,,,,FIRE,CAT,1,BL 1,C,MAN,,,1,5,TOUCHDOWN,1,1,10,0,R,,,,,,,,,BURN,,,,,,,,,,,,,,,,,,,,,,,,,,,,,,NICKEL,3-3-5,,,,,0,,BATTED PASS,,,,09:47,,'+19,,,,,,,2-0-1-2,12,19
135,"2503 Oklahoma State D vs Tulsa, Play 006",SPLIT FIB,,0,,EVEN,42 OG,N-BND,,,FIRE,N-FIRE,1,BL 1,C,MAN,,,1,6,TOUCHDOWN,1,2,10,19,R,,,,,,,,,FLY,,,,,,,,,,,,,,,,,,,,,,,,,,,,,,NICKEL,3-3-5,,,,,0,,COMPLETE,,,,09:41,,'+19,,,,,,,3-0-2-0,20,19
136,"2503 Oklahoma State D vs Tulsa, Play 007",FLUTE,,0,,EVEN,42 UG,,,,,,3,3 BUZZ FLD,C,ZONE,,,2,1,FIELD GOAL,1,1,10,3,R,,,,,,,,,,,,,,,,,,,,,,,,,,,,,,,,,,,,,,,NICKEL,3-3-5,,,,,0,,,,,,08:32,,'-31,,,,,,,2-0-1-2,12,69
137,"2503 Oklahoma State D vs Tulsa, Play 008",DICE,,0,,EVEN,42 HEADS,,,,,,1,1 FUN,C,MAN,,,2,2,FIELD GOAL,1,2,7,6,R,,,,,,,,,,,,,,,,,,,,,,,,,,,,,,,,,,,,,,,NICKEL,3-3-5,,,,,0,,COMPLETE,,,,08:15,,'-34,,,,,,,2-0-1-2,12,66
138,"2503 Oklahoma State D vs Tulsa, Play 009",FIST FIB,,1,,EVEN,41 HEADS,WUW,,,FIRE,W-FIRE,1,BL 1,C,MAN,,,2,3,FIELD GOAL,1,3,1,1,R,,,,,,,,,,,,,,,,,,,,,,,,,,,,,,,,,,,,,,,NICKEL,3-3-5,,,,,0,,,,,,07:59,,'-40,,,,,,,2-0-1-2,12,60
139,"2503 Oklahoma State D vs Tulsa, Play 010",FIST,,0,,EVEN,42 UG,,,,,,3,3 BND,C,ZONE,,MATCH,2,4,FIELD GOAL,1,1,10,16,R,,,,,,,,,BOUNCE,,,,,,,,,,,,,,,,,,,,,,,,,,,,,,NICKEL,3-3-5,,,,,0,,COMPLETE,,,,07:18,,'-41,,,,,,,3-0-1-1,11,59
140,"2503 Oklahoma State D vs Tulsa, Play 011",FIST,,0,,EVEN,41 UG,,,,,,4,4 SPEC,O,ZONE,,,2,5,FIELD GOAL,1,1,10,2,L,,,,,,,,,,,,,,,,,,,,,,,,,,,,,,,,,,,,,,,NICKEL,3-3-5,,,,,0,,COMPLETE,,,,06:55,,'+43,,,,,,,3-0-1-1,11,43
141,"2503 Oklahoma State D vs Tulsa, Play 012",BASH SPLIT,,1,,EVEN,42 OG,,,,,,1,1 FUN,C,MAN,,,2,6,FIELD GOAL,1,2,8,5,R,,,,,,,,,BOUNCE,,,,,,,,,,,,,,,,,,,,,,,,,,,,,,NICKEL,3-3-5,,,,,0,,,,,,06:27,,'+41,,,,,,,3-0-2-0,20,41
142,"2503 Oklahoma State D vs Tulsa, Play 013",DICE,,0,,EVEN,42 UN,,,,FIRE,N-FIRE,3,BZ 3 FLD,C,ZONE,,,2,7,FIELD GOAL,1,3,3,0,C,,,,,,,,,,,,,,,,,,,,,,,,,,,,,,,,,,,,,,,NICKEL,3-3-5,,,,,0,,INCOMPLETE,,,,06:06,,'+36,,,,,,,3-0-2-0,20,36
143,"2503 Oklahoma State D vs Tulsa, Play 014",BASH SPLIT,,0,,EVEN,42 OG,J-PEEL,,,FIRE,GUT,1,BL 1,C,MAN,,,2,8,FIELD GOAL,1,4,3,7,C,,,,,,,,,BOUNCE,,,,,,,,,,,,,,,,,,,,,,,,,,,,,,NICKEL,3-3-5,,,,,0,,RUN,,,,06:02,,'+36,,,,,,,3-0-2-0,20,36
144,"2503 Oklahoma State D vs Tulsa, Play 015",TRIO,,0,,EVEN,42 OG,LB BOSS,,,,,3,3 BND,C,ZONE,,,2,9,FIELD GOAL,1,1,10,0,R,,,,,,,,,,,,,,,,,,,,,,,,,,,,,,,,,,,,,,,NICKEL,3-3-5,,,,,0,,COMPLETE,,,,05:45,,'+29,,,,,,,3-0-1-1,11,29
145,"2503 Oklahoma State D vs Tulsa, Play 016",FIST,,0,,EVEN NC,NC 42 UN,,,,,,4,4 SPEC,O,ZONE,,,2,10,FIELD GOAL,1,2,10,3,R,,,,,,,,,,,,,,,,,,,,,,,,,,,,,,,,,,,,,,,NICKEL,3-3-5,,,,,1,,,,,,05:08,,'+29,,,,,,,3-0-1-1,11,29
146,"2503 Oklahoma State D vs Tulsa, Play 017",BIN DICE,,0,,EVEN,42 UG,,,,,,4,4 BKT,O,ZONE,,,2,11,FIELD GOAL,1,3,7,15,R,,,,,,,,,,,,,,,,,,,,,,,,,,,,,,,,,,,,,,,NICKEL,3-3-5,,,,,0,,COMPLETE,,,,04:33,,'+26,,,,,,,3-0-1-1,11,26
147,"2503 Oklahoma State D vs Tulsa, Play 018",FIST FIB,,1,,EVEN,42 OG,,,,,,3,3 BUZZ BND,C,ZONE,,N-BND,2,12,FIELD GOAL,1,1,10,1,L,,,,,,,,,,,,,,,,,,,,,,,,,,,,,,,,,,,,,,,NICKEL,3-3-5,,,,,0,,,,,,04:02,,'+11,,,,,,,3-0-1-1,11,11
148,"2503 Oklahoma State D vs Tulsa, Play 019",DUO FIB,,0,,EVEN,42 OG,,,,,,3,3 BND,C,ZONE,,,2,13,FIELD GOAL,1,2,9,0,C,,,,,,,,,SHIFT,,,,,,,,,,,,,,,,,,,,,,,,,,,,,,NICKEL,3-3-5,,,,,0,,BATTED PASS,,,,03:25,,'+10,,,,,,,3-0-1-1,11,10
149,"2503 Oklahoma State D vs Tulsa, Play 020",BIN DICE,,0,,EVEN,42 HEADS,,,,,,4,4 BKT,O,ZONE,,,2,14,FIELD GOAL,1,3,9,1,C,,,,,,,,,,,,,,,,,,,,,,,,,,,,,,,,,,,,,,,NICKEL,3-3-5,,,,,0,,COMPLETE,,,,03:21,,'+10,,,,,,,2-0-1-2,12,10
150,"2503 Oklahoma State D vs Tulsa, Play 021",TOP,,0,,EVEN,41 UG,M-APEX,,,,,4,4 SPEC,O,ZONE,,,3,1,FIELD GOAL,2,1,10,6,C,,,,,,,,,,,,,,,,,,,,,,,,,,,,,,,,,,,,,,,NICKEL,3-3-5,,,,,0,,,,,,14:11,,'-13,,,,,,,4-0-1-0,10,87
151,"2503 Oklahoma State D vs Tulsa, Play 022",MT FIB,,1,,EVEN,42 UG,LB BOW,N/T,,,,4,4 BKT,O,ZONE,,,3,2,FIELD GOAL,2,2,4,15,L,,,,,,,,,,,,,,,,,,,,,,,,,,,,,,,,,,,,,,,NICKEL,3-3-5,,,,,0,,COMPLETE,,,,13:56,,'-19,,,,,,,4-0-1-0,10,81
152,"2503 Oklahoma State D vs Tulsa, Play 023",TOP FIB,,1,,EVEN,42 UG,N-BND,,,,,4,4 SPEC,O,ZONE,,N-BND,3,3,FIELD GOAL,2,1,10,6,L,,,,,,,,,,,,,,,,,,,,,,,,,,,,,,,,,,,,,,,NICKEL,3-3-5,,,,,0,,COMPLETE,,,,13:40,,'-34,,,,,,,4-0-1-0,10,66
153,"2503 Oklahoma State D vs Tulsa, Play 024",TOP FIB,,1,,EVEN,42 UG,N-BND,,,FIRE,M+B,1,BL 1,C,MAN,,N-BND,3,4,FIELD GOAL,2,2,4,9,L,,,,,,,,,MOTOR,,,,,,,,,,,,,,,,,,,,,,,,,,,,,,NICKEL,3-3-5,,,,,0,,,,,,13:12,,'-40,,,,,,,3-0-1-1,11,60
154,"2503 Oklahoma State D vs Tulsa, Play 025",TRIO,,0,,EVEN,42 UG,J-DROP,,,CHG,N-FIRE,3,3 FLD CHG,C,ZONE,,,3,5,FIELD GOAL,2,1,10,0,C,,,,,,,,,,,,,,,,,,,,,,,,,,,,,,,,,,,,,,,NICKEL,3-3-5,,,,,0,,INCOMPLETE,,,,12:36,,'-49,,,,,,,3-0-1-1,11,51
155,"2503 Oklahoma State D vs Tulsa, Play 026",OFF FIST,,0,,EVEN,41 UG,M-APEX,,,,,4,4 SPEC,O,ZONE,,,3,6,FIELD GOAL,2,2,10,5,C,,,,,,,,,,,,,,,,,,,,,,,,,,,,,,,,,,,,,,,NICKEL,3-3-5,,,,,0,,,,,,12:28,,'-49,,,,,,,3-0-1-1,11,51
156,"2503 Oklahoma State D vs Tulsa, Play 027",TOP FIB,,1,,EVEN,42 OG,N-BND,,,FIRE,W-B,1,BL 1,C,MAN,,,3,7,FIELD GOAL,2,3,5,4,L,,,,,,,,,MOTOR,,,,,,,,,,,,,,,,,,,,,,,,,,,,,,NICKEL,3-3-5,,,,,0,,,,,,12:03,,'+46,,,,,,,3-0-1-1,11,46
157,"2503 Oklahoma State D vs Tulsa, Play 028",HEAVY,,0,,EVEN,61 GAPS,,,,HOT,HOUSE,0,BL 0,O,MAN,,,3,8,FIELD GOAL,2,4,1,4,R,,,,,,,,,,,,,,,,,,,LEPRECHAUN,,,,,,,,,,,,,,,,,,,,NICKEL,3-3-5,,,,,1,,,,,,11:28,,'+42,,,,,,,X-X-X-X,32H,42
158,"2503 Oklahoma State D vs Tulsa, Play 029",FISTY,,0,,EVEN,42 OG,,,,,,1,1 FUN,C,MAN,,,3,9,FIELD GOAL,2,1,10,0,R,,,,,,,,,,,,,,,,,,,,,,,,,,,,,,,,,,,,,,,NICKEL,3-3-5,,,,,0,,INCOMPLETE,,,,10:52,,'+38,,,,,,,3-0-1-1,11,38
159,"2503 Oklahoma State D vs Tulsa, Play 030",TWINS FIB,,1,,EVEN NC,NC 42 UG,,,,,,3,3 FLD,C,ZONE,,N-BND,3,10,FIELD GOAL,2,2,10,'-1,R,,,,,,,,,,,,,,,,,,,,,,,,,,,,,,,,,,,,,,,NICKEL,3-3-5,,,,,0,,,,,,10:44,,'+38,,,,,,,3-0-1-1,11,38
160,"2503 Oklahoma State D vs Tulsa, Play 031",DICE,,0,,EVEN,42 WDE,"LB BOW, E-DROP",,,CHG,W-B,3,3 BND CHG,C,ZONE,,,3,11,FIELD GOAL,2,3,11,9,L,,,,,,,,,,,,,,,,,,,,,,,,,,,,,,,,,,,,,,,NICKEL,3-3-5,,,,,0,,COMPLETE,,,,10:23,,'+39,,,,,,,4-0-1-0,10,39
161,"2503 Oklahoma State D vs Tulsa, Play 032",FLANK,,0,,EVEN,42 UG,,,,FIRE,N-FIRE,1,BL 1,C,MAN,,,3,12,FIELD GOAL,2,4,2,4,L,,,,,,,,,,,,,,,,,,,,,,,,,,,,,,,,,,,,,,,NICKEL,3-3-5,,,,,0,,COMPLETE,,,,09:46,,'+30,,,,,,,2-0-1-2,12,30
162,"2503 Oklahoma State D vs Tulsa, Play 033",TOP,,0,,EVEN,41 OG,M-APEX,T/E,,,,4,4 SPEC,O,ZONE,,,3,13,FIELD GOAL,2,1,10,0,L,,,,,,,,,,,,,,,,,,,,,,,,,,,,,,,,,,,,,,,NICKEL,3-3-5,,,,,0,,THROWN AWAY,,,,09:15,,'+26,,,,,,,4-0-1-0,10,26
163,"2503 Oklahoma State D vs Tulsa, Play 034",OFF FIST,,0,,EVEN,42 HEADS,,,,,,1,1 FUN,C,MAN,,,3,14,FIELD GOAL,2,2,10,4,L,,,,,,,,,,,,,,,,,,,,,,,,,,,,,,,,,,,,,,,NICKEL,3-3-5,,,,,0,,,,,,09:09,,'+26,,,,,,,3-0-1-1,11,26
164,"2503 Oklahoma State D vs Tulsa, Play 035",SPLIT,,0,,EVEN,42 OG,N-BND,,,,,1,1 FUN,C,MAN,,,3,15,FIELD GOAL,2,3,6,2,L,,,,,,,,,MOTOR,,,,,,,,,,,,,,,,,,,,,,,,,,,,,,NICKEL,3-3-5,,,,,0,,,,,,08:32,,'+22,,,,,,,3-0-2-0,20,22
165,"2503 Oklahoma State D vs Tulsa, Play 036",DIAMOND,,0,,EVEN,42 UG,N-BND,,,,,4,4,O,ZONE,,,4,1,FIELD GOAL,2,1,10,0,L,,,,,,,,,,,,,,,,,,,,,,,,,,,,,,,,,,,,,,,NICKEL,3-3-5,,,,,0,,,,,,06:16,,'-30,,,,,,,2-0-1-2,12,70
166,"2503 Oklahoma State D vs Tulsa, Play 037",TRIPS FIB,,1,,EVEN,42 UG,N-BND,,,,,3,3 FLD,C,ZONE,,N-BND,4,2,FIELD GOAL,2,2,10,8,R,,,,,,,,,FLARE,,,,,,,,,,,,,,,,,,,,,,,,,,,,,,NICKEL,3-3-5,,,OKTU 65 OH,,0,,,,,,05:46,,'-30,,,,,,,2-0-1-2,12,70
167,"2503 Oklahoma State D vs Tulsa, Play 038",DICE,,0,,EVEN,42 OG,,,,,,3,3 BND,C,ZONE,,,4,3,FIELD GOAL,2,2,20,17,R,,,,,,,,,,,,,,,,,,,,,,,,,,,,,,,,,,,,,,,NICKEL,3-3-5,,,,,0,,COMPLETE,,,,05:31,,'-20,,,,,,,4-0-1-0,10,80
168,"2503 Oklahoma State D vs Tulsa, Play 039",DICE,,0,,EVEN,41 UG,W-APEX,,,FIRE,N-FIRE,3,BZ 3 FLD,C,ZONE,,,4,4,FIELD GOAL,2,3,3,20,C,,,,,,,,,,,,,,,,,,,,,,,,,,,,,,,,,,,,,,,NICKEL,3-3-5,,,,,0,,,,,,05:14,,'-37,,,,,,,4-0-1-0,10,63
169,"2503 Oklahoma State D vs Tulsa, Play 040",FLUTE FIB,,1,,ODD,32 STR,N-BND,,,,,1,1 FUN,C,MAN,,N-BND,4,5,FIELD GOAL,2,1,10,3,R,,,,,,,,,,,,,,,,,,,,,,,,,,,,,,,,,,,,,,,NICKEL,3-3-5,,,,,0,,,,,,04:38,,'+43,,,,,,,2-0-1-2,12,43
170,"2503 Oklahoma State D vs Tulsa, Play 041",TOP,,0,,EVEN,42 OG,,,,FIRE,W-A,1,BL 1,C,MAN,,,4,6,FIELD GOAL,2,2,7,0,C,,,,,,,,,,,,,,,,,,,,,,,,,,,,,,,,,,,,,,,NICKEL,3-3-5,,,,,0,,INCOMPLETE,,,,03:58,,'+40,,,,,,,3-0-1-1,11,40
171,"2503 Oklahoma State D vs Tulsa, Play 042",TOP FIB,,0,,EVEN,41 OG,"W-APEX, N-BND",T/N,,FIRE,W-FIRE,1,BL 1,C,MAN,,,4,7,FIELD GOAL,2,3,7,11,C,,,,,,,,,,,,,,,,,,,,,,,,,,,,,,,,,,,,,,,NICKEL,3-3-5,,,,,0,,COMPLETE,,,,03:53,,'+40,,,,,,,3-0-1-1,11,40
172,"2503 Oklahoma State D vs Tulsa, Play 043",TRIO,,0,,ODD,32 WK,,,,,,1,1 FUN,C,MAN,,,4,8,FIELD GOAL,2,1,10,0,C,,,,,,,,,,,,,,,,,,,,,,,,,,,,,,,,,,,,,,,NICKEL,3-3-5,,,,,0,,INCOMPLETE,,,,03:24,,'+29,,,,,,,3-0-1-1,11,29
173,"2503 Oklahoma State D vs Tulsa, Play 044",TOP FIB,,0,,EVEN,42 HEADS,N-BND,,,,,1,1 FUN,C,MAN,,N-BND,4,9,FIELD GOAL,2,2,10,0,C,,,,,,,,,MOTOR,,,,,,,,,,,,,,,,,,,,,,,,,,,,,,NICKEL,3-3-5,,,,,0,,,,,,03:17,,'+29,,,,,,,3-0-1-1,11,29
174,"2503 Oklahoma State D vs Tulsa, Play 045",FISTY,,0,,EVEN,41 WDE,W-APEX,T/J,,,,1,1 FUN,C,MAN,,ROBBER,4,10,FIELD GOAL,2,3,10,0,L,,,,,,,,,,,,,,,,,,,,,,,,,,,,,,,,,,,,,,,NICKEL,3-3-5,,,,,0,,INCOMPLETE,,,,02:45,,'+29,,,,,,,3-0-1-1,11,29
175,"2503 Oklahoma State D vs Tulsa, Play 046",FIST,,0,,EVEN NC,NC 42 UG,,,,,,1,1 FUN,C,MAN,,,5,1,END OF HALF,2,1,10,7,L,,,,,,,,,,,,,,,,,,,,,,,,,,,,,,,,,,,,,,,NICKEL,3-3-5,,,,,1,,COMPLETE,,,,01:13,,'-5,,,,,,,3-0-1-1,11,95
176,"2503 Oklahoma State D vs Tulsa, Play 047",FIST FIB,,1,,EVEN,42 OG,,,,,,4,4 SPEC,O,ZONE,,,5,2,END OF HALF,2,2,3,2,L,,,,,,,,,,,,,,,,,,,,,,,,,,,,,,,,,,,,,,,NICKEL,3-3-5,,,,,0,,,,,,00:32,,'-12,,,,,,,3-0-1-1,11,88
177,"2503 Oklahoma State D vs Tulsa, Play 048",FIST,,0,,EVEN,42 UG,,N/T,,FIRE,M+B,1,BL 1,C,MAN,,,5,3,END OF HALF,2,3,1,4,L,,,,,,,,,,,,,,,,,,,,,,,,,,,,,,,,,,,,,,,NICKEL,3-3-5,,,,,0,,,,,,00:26,,'-14,,,,,,,3-0-1-1,11,86
178,"2503 Oklahoma State D vs Tulsa, Play 049",DICE,,0,,EVEN,41 UG,WUW,,,FIRE,W-FIRE,1,BL 1,C,MAN,,,6,1,FIELD GOAL,3,1,10,19,L,,,,,,,,,FLARE,,,,,,,,,,,,,,,,,,,,,,,,,,,,,,NICKEL,3-3-5,,,,,0,,,,,,15:00,,'-25,,,,,,,3-0-1-1,11,75
179,"2503 Oklahoma State D vs Tulsa, Play 050",TOP,,0,,EVEN,41 OG,,T/E,,,,4,4 SPEC,O,ZONE,,,6,2,FIELD GOAL,3,1,10,6,L,,,,,,,,,,,,,,,,,,,,,,,,,,,,,,,,,,,,,,,NICKEL,3-3-5,,,,,0,,COMPLETE,,,,14:40,,'-44,,,,,,,3-0-1-1,11,56
180,"2503 Oklahoma State D vs Tulsa, Play 051",BIN DUO,,0,,EVEN,42 UG,,,,FIRE,M+A,1,BL 1,C,MAN,,,6,3,FIELD GOAL,3,2,4,0,L,,,,,,,,,MOTOR,,,,,,,,,,,,,,,,,,,,,,,,,,,,,,NICKEL,3-3-5,OKTU 10,,,,0,,,,,,14:11,,'+50,,,,,,,3-0-1-1,11,50
181,"2503 Oklahoma State D vs Tulsa, Play 052",FIST,,0,,EVEN,42 WDE,,,,,,1,1 FUN,C,MAN,,,6,4,FIELD GOAL,3,3,10,16,L,,,,,,,,,BOSS,,,,,,,,,,,,,,,,,,,,,,,,,,,,,,NICKEL,3-3-5,,,,,0,,COMPLETE,,,,13:37,,'-44,,,,,,,3-0-1-1,11,56
182,"2503 Oklahoma State D vs Tulsa, Play 053",FIST,,0,,EVEN NC,NC 42 UG,,,,,,3,3 BUZZ FLD,C,ZONE,,,6,5,FIELD GOAL,3,1,10,6,R,,,,,,,,,,,,,,,,,,,,,,,,,,,,,,,,,,,,,,,NICKEL,3-3-5,,,,,1,,,,,,13:07,,'+40,,,,,,,3-0-1-1,11,40
183,"2503 Oklahoma State D vs Tulsa, Play 054",MT FIB,,1,,ODD,31,"J-APEX, W-APEX",,,,,4,P 4,O,ZONE,P,,6,6,FIELD GOAL,3,2,4,5,R,,,,,,,,,,,,,,,,,,,,,,,,,,,,,,,,,,,,,,,NICKEL,3-3-5,,,,,0,,COMPLETE,,,,12:37,,'+34,,,,,,,3-0-1-1,11,34
184,"2503 Oklahoma State D vs Tulsa, Play 055",TOP FIB,,1,,EVEN,42 OG,E-DROP,,,CHG,W-B,3,3 BUZZ BND CHG,C,ZONE,,N-BND,6,7,FIELD GOAL,3,1,10,0,R,,,,,,,,,MOTOR,,,,,,,,,,,,,,,,,,,,,,,,,,,,,,NICKEL,3-3-5,,,,,0,,,,,,12:02,,'+29,,,,,,,3-0-1-1,11,29
185,"2503 Oklahoma State D vs Tulsa, Play 056",BIN DICE,,0,,EVEN,42 UG,,,,,,4,4,O,ZONE,,,6,8,FIELD GOAL,3,2,10,0,C,,,,,,,,,,,,,,,,,,,,,,,,,,,,,,,,,,,,,,,NICKEL,3-3-5,,,,,0,,INCOMPLETE,,,,11:29,,'+29,,,,,,,3-0-1-1,11,29
186,"2503 Oklahoma State D vs Tulsa, Play 057",MT,,0,,EVEN,42 UG,J-DROP,,,CHG,M+B,0,O CHG?,O,MAN,,,6,9,FIELD GOAL,3,3,10,0,C,,,,,,,,,,,,,,,,,,,,,,,,,,,,,,,,,,,,,,,NICKEL,2-4-5,,,,,0,,INCOMPLETE,,,,11:24,,'+29,,,,,,,3-0-1-1,11,29
187,"2503 Oklahoma State D vs Tulsa, Play 058",BIN DUO,,0,,EVEN,42 UG,,,,,,4,4,O,ZONE,,,7,1,FUMBLE,3,1,10,3,R,,,,,,,,,MOTOR,,,,,,,,,,,,,,,,,,,,,,,,,,,,,,NICKEL,3-3-5,,,,,0,,,,,,08:04,,'-32,,,,,,,3-0-1-1,11,68
188,"2503 Oklahoma State D vs Tulsa, Play 059",TOP FIB,,1,,EVEN,41 UG,"W-APEX, N-BND",,,,,4,4 SPEC,O,ZONE,,N-BND,7,2,FUMBLE,3,2,7,4,R,,,,,,,,,,,,,,,,,,,,,,,,,,,,,,,,,,,,,,,NICKEL,3-3-5,,,,,0,,,,,,07:45,,'-35,,,,,,,3-0-1-1,11,65
189,"2503 Oklahoma State D vs Tulsa, Play 060",BIN TRIO,,0,,EVEN,42 OG,W-MUG,,,FIRE,W-B,1,BL 1,C,MAN,,,7,3,FUMBLE,3,3,3,3,R,,,,,,,,,BOSS,,,,,,,,,,,,,,,,,,,,,,,,,,,,,,NICKEL,3-3-5,,,,,0,,COMPLETE,,,,07:28,,'-39,,,,,,,2-0-1-2,12,61
190,"2503 Oklahoma State D vs Tulsa, Play 061",TRIO FIB,,1,,EVEN,42 OG,N-BND,,,FIRE,N-FIRE BND,1,BL 1,C,MAN,,N-BND,7,4,FUMBLE,3,1,10,0,R,,,,,,,,,,,,,,,,,,,,,,,,,,,,,,,,,,,,,,,NICKEL,3-3-5,OKTU 21,,,,0,,,,,,06:50,,'-42,,,,,,,3-0-1-1,11,58
191,"2503 Oklahoma State D vs Tulsa, Play 062",TRIO,,0,,EVEN,42 OG,,,,FIRE,W-B,1,BL 1,C,MAN,,,8,1,PUNT,3,1,10,'-1,C,,,,,,,,,MOTOR,,,,,,,,,,,,,,,,,,,,,,,,,,,,,,NICKEL,3-3-5,,,,,0,,,,,,04:09,,'-6,,,,,,,3-0-1-1,11,94
192,"2503 Oklahoma State D vs Tulsa, Play 063",TACKLE OVER,,1,,EVEN NC,NC 42 UG,N-BND,,,,,4,4 BKT,O,ZONE,,,8,2,PUNT,3,2,11,7,R,,,,,,,,,,,,,,,,,,,,,,,,,,,,,,,,,,,,,,,NICKEL,3-3-5,,,,,1,,,,,,03:36,,'-5,,,,,,,3-0-1-1,11,95
193,"2503 Oklahoma State D vs Tulsa, Play 064",DICE,,0,,EVEN,42 UG,,,,FIRE,M+B,1,BL 1,C,MAN,,,8,3,PUNT,3,3,4,3,L,,,,,,,,,,,,,,,,,,,,,,,,,,,,,,,,,,,,,,,NICKEL,3-3-5,,,,,0,,,,,,03:03,,'-12,,,,,,,3-0-1-1,11,88
194,"2503 Oklahoma State D vs Tulsa, Play 065",TOP,,0,,EVEN,41 UG,M-APEX,,,FIRE,CAT,1,BL 1,C,MAN,,,9,1,PUNT,4,1,10,39,R,,,,,,,,,,,,,,,,,,,,,,,,,,,,,,,,,,,,,,,NICKEL,3-3-5,,,,,0,,,,,,14:10,,'-18,,,,,,,3-0-1-1,11,82
195,"2503 Oklahoma State D vs Tulsa, Play 066",TACKLE OVER,,1,,EVEN NC,NC 42 HEADS,,,,FIRE,M+C,1,BL 1,C,MAN,,,9,2,PUNT,4,1,10,'-1,R,,,,,,,,,,,,,,,,,,,,,,,,,,,,,,,,,,,,,,,NICKEL,3-3-5,,,,,1,,COMPLETE,,,,13:27,,'+43,,,,,,,3-0-1-1,11,43
196,"2503 Oklahoma State D vs Tulsa, Play 067",MT FIB,,1,,EVEN,41 UG,W-APEX,J-PIRATE,,,,3,3 BND,C,ZONE,,,9,3,PUNT,4,2,11,8,R,,,,,,,,,,,,,,,,,,,,,,,,,,,,,,,,,,,,,,,NICKEL,3-3-5,,,,,0,,COMPLETE,,,,12:52,,'+44,,,,,,,3-0-1-1,11,44
197,"2503 Oklahoma State D vs Tulsa, Play 068",OFF FIST,,0,,EVEN,41 HEADS,"MUW, J/E-4i",,,FIRE,"M-FIRE, W-A",1,BL 1,C,MAN,,,9,4,PUNT,4,3,3,'-2,C,,,,,,,,,MO,,,,,,,,,,,,,,,,,,,,,,,,,,,,,,NICKEL,3-3-5,,,,,0,,,,,,12:16,,'+36,,,,,,,3-0-1-1,11,36
198,"2503 Oklahoma State D vs Tulsa, Play 069",FIN,,0,,EVEN,42 UG,,,,,,4,4 BKT,O,ZONE,,,10,1,PUNT,4,1,10,6,C,,,,,,,,,,,,,,,,,,,,,,,,,,,,,,,,,,,,,,,NICKEL,3-3-5,,,,,0,,,,,,07:49,,'-5,,,,,,,2-0-2-1,21,95
199,"2503 Oklahoma State D vs Tulsa, Play 070",FIST,,0,,EVEN NC,42 HEADS,WUW,,,FIRE,W-FIRE,1,BL 1,C,MAN,,,10,2,PUNT,4,2,4,0,L,,,,,,,,,MOTOR,,,,,,,,,,,,,,,,,,,,,,,,,,,,,,NICKEL,3-3-5,,,,,1,,INCOMPLETE,,,,07:09,,'-11,,,,,,,3-0-1-1,11,89
200,"2503 Oklahoma State D vs Tulsa, Play 071",XTRA TRIPS,,0,,EVEN,42 UG,LB BOSS,,,,,1,1 FUN,C,MAN,,,10,3,PUNT,4,3,4,0,C,,,,,,,,,BURN,,,,,,,,,,,,,,,,,,,,,,,,,,,,,,NICKEL,3-3-5,,,,,0,,INCOMPLETE,,,,07:04,,'-11,,,,,,,2-0-1-2,12,89
201,"2503 Oklahoma State D vs Tulsa, Play 072",TOP,,0,,EVEN,42 UN,,,,FIRE,M+A,1,BL 1,C,MAN,,,11,1,PUNT,4,1,10,11,R,,,,,,,,,,,,,,,,,,,,,,,,,,,,,,,,,,,,,,,NICKEL,3-3-5,,,,,0,,,,,,05:44,,'-17,,,,,,,3-0-1-1,11,83
202,"2503 Oklahoma State D vs Tulsa, Play 073",TOP FIB,,1,,ODD,51 WU,N-BND,,,FIRE,W-FIRE,1,BL 1,C,MAN,,N-BND,11,2,PUNT,4,1,10,3,L,,,,,,,,,MOTOR,,,,,,,,,,,,,,,,,,,,,,,,,,,,,,NICKEL,3-3-5,,,,,0,,,,,,05:04,,'-28,,,,,,,3-0-1-1,11,72
203,"2503 Oklahoma State D vs Tulsa, Play 074",FIST,,0,,ODD,51 WU,,E/N,,,,1,1 FUN,C,MAN,,,11,3,PUNT,4,2,7,15,C,,,,,,,,,,,,,,,,,,,,,,,,,,,,,,,,,,,,,,,NICKEL,3-3-5,,,,,0,,RUN,,,,04:22,,'-31,,,,,,,3-0-1-1,11,69
204,"2503 Oklahoma State D vs Tulsa, Play 075",TOP,,0,,EVEN,42 OG,,,,HOT,"F$-FIRE, W-FIRE",0,BL 0,O,MAN,,,11,4,PUNT,4,1,10,2,R,,,,,,,,,,,,,,,,,,,,,,,,,,,,,,,,,,,,,,,NICKEL,3-3-5,,,,,0,,,,,,03:36,,'-46,,,,,,,3-0-1-1,11,54
205,"2503 Oklahoma State D vs Tulsa, Play 076",XTRA SPLIT,,0,,ODD,51 WU,,T/N,,FIRE,W-FIRE,1,BL 1,C,MAN,,,11,5,PUNT,4,2,8,6,R,,,,,,,,,,,,,,,,,,,,,,,,,,,,,,,,,,,,,,,NICKEL,3-3-5,,,,,0,,,,,,03:30,,'-48,,,,,,,3-0-2-0,20,52
206,"2503 Oklahoma State D vs Tulsa, Play 077",FIST,,0,,EVEN,41 HEADS,"F$/W-UW, J/E-4i",,,,,0,BL 0,O,MAN,,,11,6,PUNT,4,3,2,'-1,R,,,,,,,,,,,,,,,,,,,,,,,,,,,,,,,,,,,,,,,NICKEL,3-3-5,,,,,0,,,,,,03:24,,'+46,,,,,,,3-0-1-1,11,46
207,"2503 Oklahoma State D vs Tulsa, Play 078",TRIO FIB,,1,,EVEN,42 UG,,,,HOT,HOUSE,0,BL 0,O,MAN,,,12,1,MISSED FG,4,1,10,4,R,,,,,,,,,,,,,,,,,,,,,,,,,,,,,,,,,,,,,,,NICKEL,3-3-5,,,,,0,,,,,,02:16,,'+39,,,,,,,3-0-1-1,11,39
208,"2503 Oklahoma State D vs Tulsa, Play 079",OFF FIST,,0,,EVEN,42 OV SOLID,,,,HOT,HOUSE,0,BL 0,O,MAN,,,12,2,MISSED FG,4,2,6,0,R,,,,,,,,,,,,,,,,,,,,,,,,,,,,,,,,,,,,,,,BASE,4-3-4,,,,,0,,,,,,02:00,,'+35,,,,,,,3-0-1-1,11,35
209,"2503 Oklahoma State D vs Tulsa, Play 080",OFF FIST,,0,,EVEN,42 OV SOLID,,,,,,0,0 FUN,O,MAN,,,12,3,MISSED FG,4,3,6,3,R,,,,,,,,,,,,,,,,,,,,,,,,,,,,,,,,,,,,,,,BASE,4-3-4,,,,,0,,,,,,01:17,,'+35,,,,,,,3-0-1-1,11,35
210,"2504 Oklahoma State D vs Baylor , Play 001",BIN TRIO,,1,,ODD,32 WK,LB BOSS,,,,,4,4,O,ZONE,,,1,1,TOUCHDOWN,1,1,10,27,R,,,,,,,,,MISSILE,,,,,,,,,,,,,,,,,,,,,,,,,,,,,,NICKEL,3-3-5,,,,,0,,COMPLETE,,,,13:33,,'-22,,,,,,,3-0-1-1,11,78
211,"2504 Oklahoma State D vs Baylor , Play 002",TRIPS,,1,,ODD,32 WK,LB BOSS,,,,,3,3 BND,C,ZONE,,,1,2,TOUCHDOWN,1,1,10,17,R,,,,,,,,,BOUNCE,,,,,,,,,,,,,,,,,,,,,,,,,,,,,,NICKEL,3-3-5,,,,,0,,,,,,13:05,,'-49,,,,,,,3-0-1-1,11,51
212,"2504 Oklahoma State D vs Baylor , Play 003",DUO,,0,,ODD,32 WK,,,,,,3,3 BND,C,ZONE,,,1,3,TOUCHDOWN,1,1,10,34,R,,,,,,,,,MOTOR,,,,,,,,,,,,,,,,,,,,,,,,,,,,,,NICKEL,3-3-5,,,,,0,,COMPLETE,,,,12:35,,'+34,,,,,,,3-0-1-1,11,34
213,"2504 Oklahoma State D vs Baylor , Play 004",FIST,,0,,ODD,32 WK,M-MUG,T/N,,FIRE,M+B,1,BL 1,C,MAN,,,2,1,PUNT,1,1,10,'-1,R,,,,,,,,,,,,,,,,,,,,,,,,,,,,,,,,,,,,,,,NICKEL,3-3-5,,,,,0,,COMPLETE,,,,06:49,,'-24,,,,,,,3-0-1-1,11,76
214,"2504 Oklahoma State D vs Baylor , Play 005",DICE,,0,,EVEN,42 OG,LB BOW,T/N,E/J,,,4,4 SW,O,ZONE,,,2,2,PUNT,1,2,11,0,L,,,,,,,,,,,,,,,,,,,,,,,,,,,,,,,,,,,,,,,NICKEL,3-3-5,,,,,0,,INCOMPLETE,,,,06:19,,'-23,,,,,,,3-0-1-1,11,77
215,"2504 Oklahoma State D vs Baylor , Play 006",BIN TRIO,,0,,EVEN,42 WDE,,E/N,,,,4,4 SOLO,O,ZONE,,,2,3,PUNT,1,3,11,0,L,,,,,,,,,,,,,,,,,,,,,,,,,,,,,,,,,,,,,,,NICKEL,3-3-5,,,,,0,,RUN,,,,06:13,,'-23,,,,,,,3-0-1-1,11,77
216,"2504 Oklahoma State D vs Baylor , Play 007",STACK TRIO FIB,,1,,EVEN,42 OG,N-BND,,,,,4,4,O,ZONE,,N-BND,3,1,TOUCHDOWN,1,1,10,3,L,,,,,,,,,,,,,,,,,,,,,,,,,,,,,,,,,,,,,,,NICKEL,3-3-5,,,,,0,,,,,,01:45,,'-36,,,,,,,3-0-1-1,11,64
217,"2504 Oklahoma State D vs Baylor , Play 008",FIST,,0,,ODD,32 WK,LB BOSS,,,,,3,3 BUZZ FLD,C,ZONE,,,3,2,TOUCHDOWN,1,2,7,6,L,,,,,,,,,,,,,,,,,,,,,,,,,,,,,,,,,,,,,,,NICKEL,3-3-5,,,,,0,,,,,,01:20,,'-39,,,,,,,3-0-1-1,11,61
218,"2504 Oklahoma State D vs Baylor , Play 009",TOP,,0,,ODD,51 MU,N-SHADE,,,FIRE,M-FIRE,1,BL 1,C,MAN,,,3,3,TOUCHDOWN,1,3,1,0,L,,,,,,,,,NEAR,,,,,,,,,,,,,,,,,,,,,,,,,,,,,,NICKEL,3-3-5,,,OKST D03 DPI; (D) OKST D99 DOF; (D) OKST D96 DOF,,0,,INCOMPLETE,,,,00:52,,'-45,,,,,,,3-0-1-1,11,55
219,"2504 Oklahoma State D vs Baylor , Play 010",DUO,,0,,EVEN,42 OG,,,,,,4,4 SW,O,ZONE,,,3,4,TOUCHDOWN,1,1,10,9,L,,,,,,,,,,,,,,,,,,,,,,,,,,,,,,,,,,,,,,,NICKEL,3-3-5,,,,,0,,,,,,00:46,,'+40,,,,,,,3-0-1-1,11,40
220,"2504 Oklahoma State D vs Baylor , Play 011",BIN DUO FIB,,0,,EVEN,42 OG,,,,,,6,6,O,ZONE,CLD,,3,5,TOUCHDOWN,1,2,1,0,C,,,,,,,,,MISSILE,,,,,,,,,,,,,,,,,,,,,,,,,,,,,,NICKEL,3-3-5,,,OKST D11 DPI,,0,,INCOMPLETE,,,,00:10,,'+31,,,,,,,3-0-1-1,11,31
221,"2504 Oklahoma State D vs Baylor , Play 012",BIN TOP FIB,,0,,EVEN,42 UG,E-WIDE 9,,,FIRE,N-FIRE,3,BZ 3 BND,C,ZONE,,,3,6,TOUCHDOWN,1,1,10,'-4,C,,,,,,,,,MOTOR,,,,,,,,,,,,,,,,,,,,,,,,,,,,,,NICKEL,3-3-5,,,,,1,,,,,,00:04,,'+15,,,,,,,2-0-1-2,12,15
222,"2504 Oklahoma State D vs Baylor , Play 013",STACK DICE,,0,,EVEN,41 UG,W-APEX,T/J,,,,4,4 BKT,O,ZONE,,,3,7,TOUCHDOWN,2,2,14,19,R,,,,,,,,,MOTOR,,,,,,,,,,,,,,,,,,,,,,,,,,,,,,NICKEL,3-3-5,,,,,0,,,,,,15:00,,'+19,,,,,,,3-0-1-1,11,19
223,"2504 Oklahoma State D vs Baylor , Play 014",SPLIT FIB,,1,,ODD,32 WK,LB BOW,,,,,4,4,O,ZONE,,,4,1,TOUCHDOWN,2,1,10,4,R,,,,,,,,,MOTOR,,,,,,,,,,,,,,,,,,,,,,,,,,,,,,NICKEL,3-3-5,,,,,0,,,,,,11:25,,'-22,,,,,,,3-0-1-1,11,78
224,"2504 Oklahoma State D vs Baylor , Play 015",DUO,,0,,ODD,32 WK,,,,,,4,4 SW,O,ZONE,,,4,2,TOUCHDOWN,2,2,6,15,R,,,,,,,,,,,,,,,,,,,,,,,,,,,,,,,,,,,,,,,NICKEL,3-3-5,,,,,0,,COMPLETE,,,,10:56,,'-26,,,,,,,3-0-1-1,11,74
225,"2504 Oklahoma State D vs Baylor , Play 016",FIST,,0,,ODD,32 WK,LB BOSS,,,,,4,4 SPEC,O,ZONE,,,4,3,TOUCHDOWN,2,1,10,4,C,,,,,,,,,,,,,,,,,,,,,,,,,,,,,,,,,,,,,,,NICKEL,3-3-5,,,,,0,,,,,,10:30,,'-41,,,,,,,3-0-1-1,11,59
226,"2504 Oklahoma State D vs Baylor , Play 017",BIN DUO,,0,,ODD,32 WK,,,,,,3,3 BND,C,ZONE,,,4,4,TOUCHDOWN,2,2,6,0,C,,,,,,,,,,,,,,,,,,,,,,,,,,,,,,,,,,,,,,,NICKEL,3-3-5,,,,,0,,INCOMPLETE,,,,10:01,,'-45,,,,,,,3-0-1-1,11,55
227,"2504 Oklahoma State D vs Baylor , Play 018",DICE,,0,,ODD,32 STR,"T/E-5, DBL MUG, T-DROP",W-PIRATE,,CHG,"M,+B",1,BL 1,C,MAN,,,4,5,TOUCHDOWN,2,3,6,49,C,,,,,,,,,MOTOR,,,,,,,,,,,,,,,,,,,,,,,,,,,,,,NICKEL,3-3-5,,,,,0,,,,,,09:57,,'-45,,,,,,,3-0-1-1,11,55
228,"2504 Oklahoma State D vs Baylor , Play 019",TRIO,,0,,EVEN,42 EAGLE UN,,,,,,0,0 FUN,O,MAN,,,4,6,TOUCHDOWN,2,1,6,6,L,,,,,,,,,BOSS,,,,,,,,,,,,,,,,,,,,,,,,,,,,,,NICKEL,12 Men,,,(D) ILS,,0,,COMPLETE,,,,09:12,,'+6,,,,,,,2-0-1-2,12,6
229,"2504 Oklahoma State D vs Baylor , Play 020",FIST,,0,,ODD,32 WK,LB BOSS,,,,,4,4 STUD,O,ZONE,,STUD,5,1,PUNT,2,1,10,14,R,,,,,,,,,,,,,,,,,,,,,,,,,,,,,,,,,,,,,,,NICKEL,3-3-5,,,,,0,,,,,,08:08,,'-12,,,,,,,3-0-1-1,11,88
230,"2504 Oklahoma State D vs Baylor , Play 021",DUO,,0,,ODD,32 WK,,,,,,4,4 SW,O,ZONE,,,5,2,PUNT,2,1,10,2,R,,,,,,,,,,,,,,,,,,,,,,,,,,,,,,,,,,,,,,,NICKEL,3-3-5,,,,,0,,,,,,07:46,,'-26,,,,,,,3-0-1-1,11,74
231,"2504 Oklahoma State D vs Baylor , Play 022",TRIO FIB,,1,,EVEN,42 OG,"LB BOW, N-BND",,,,,4,4,O,ZONE,,N-BND,5,3,PUNT,2,2,8,0,R,,,,,,,,,ZIP,,,,,,,,,,,,,,,,,,,,,,,,,,,,,,NICKEL,3-3-5,,,,,0,,INCOMPLETE,,,,07:07,,'-28,,,,,,,3-0-1-1,11,72
232,"2504 Oklahoma State D vs Baylor , Play 023",DUO FIB,,0,,ODD,32 STR,N-BND,,,,,2,2 CUT,O,ZONE,,DBL SINGLE,5,4,PUNT,2,3,8,0,R,,,,,,,,,BOUNCE,,,,,,,,,,,,,,,,,,,,,,,,,,,,,,NICKEL,3-3-5,,,,,0,,INCOMPLETE,,,,07:02,,'-28,,,,,,,3-0-1-1,11,72
233,"2504 Oklahoma State D vs Baylor , Play 024",BIN TRIO,,0,,EVEN,42 OG,LB BOSS,,,,,4,4,O,ZONE,,,6,1,TOUCHDOWN,2,1,10,6,C,,,,,,,,,,,,,,,,,,,,,,,,,,,,,,,,,,,,,,,NICKEL,3-3-5,,,,,0,,COMPLETE,,,,06:01,,'-44,,,,,,,3-0-1-1,11,56
234,"2504 Oklahoma State D vs Baylor , Play 025",TOP,,0,,ODD,32 WK,M-MUG,T/N,,CHG,M+B,3,3 FLD CHG,C,ZONE,,,6,2,TOUCHDOWN,2,2,4,5,R,,,,,,,,,,,,,,,,,,,,,,,,,,,,,,,,,,,,,,,NICKEL,3-3-5,,,,,0,,COMPLETE,,,,05:33,,'+50,,,,,,,3-0-1-1,11,50
235,"2504 Oklahoma State D vs Baylor , Play 026",DUO FIB,,1,,ODD,32 STR,N-BND,,,,,4,4,O,ZONE,,N-BND,6,3,TOUCHDOWN,2,1,10,0,L,,,,,,,,,BOSS,,,,,,,,,,,,,,,,,,,,,,,,,,,,,,NICKEL,3-3-5,,,,,0,,INCOMPLETE,,,,05:12,,'+45,,,,,,,3-0-1-1,11,45
236,"2504 Oklahoma State D vs Baylor , Play 027",TRIO,,1,,ODD,32 WK,LB BOSS,,,,,3,3 BND,C,ZONE,,,6,4,TOUCHDOWN,2,2,10,'-1,L,,,,,,,,,BOUNCE,,,,,,,,,,,,,,,,,,,,,,,,,,,,,,NICKEL,3-3-5,,,OKST D71 ILHd,,0,,,,,,05:05,,'+45,,,,,,,3-0-1-1,11,45
237,"2504 Oklahoma State D vs Baylor , Play 028",DUO,,0,,ODD,32 WK,,,,,,4,4 SW,O,ZONE,,,6,5,TOUCHDOWN,2,1,10,4,L,,,,,,,,,,,,,,,,,,,,,,,,,,,,,,,,,,,,,,,NICKEL,3-3-5,,,,,0,,,,,,04:53,,'+30,,,,,,,3-0-1-1,11,30
238,"2504 Oklahoma State D vs Baylor , Play 029",SPLIT FIB,,0,,EVEN,42 OG,LB BOW,,,,,2,2 TAMPA,O,ZONE,CLD,,6,6,TOUCHDOWN,2,2,6,16,L,,,,,,,,,BOSS,,,,,,,,,,,,,,,,,,,,,,,,,,,,,,NICKEL,3-3-5,,,,,0,,COMPLETE,,,,04:12,,'+26,,,,,,,3-0-1-1,11,26
239,"2504 Oklahoma State D vs Baylor , Play 030",DUO,,0,,EVEN,42 OG,,,,,,4,4 BKT,O,ZONE,,,6,7,TOUCHDOWN,2,1,10,10,R,,,,,,,,,,,,,,,,,,,,,,,,,,,,,,,,,,,,,,,NICKEL,3-3-5,,,,,0,,COMPLETE,,,,03:45,,'+10,,,,,,,3-0-1-1,11,10
240,"2504 Oklahoma State D vs Baylor , Play 031",TOP,,0,,EVEN,41 OG,M-APEX,J/N,,,,4,4 SPEC,O,ZONE,,,7,1,MISSED FG,2,1,10,0,R,,,,,,,,,,,,,,,,,,,,,,,,,,,,,,,,,,,,,,,NICKEL,3-3-5,,,,,0,,INCOMPLETE,,,,01:02,,'-25,,,,,,,3-0-1-1,11,75
241,"2504 Oklahoma State D vs Baylor , Play 032",BASH TRIO,,0,,EVEN,42 UG,LB BOSS,E/N,T/J,,,4,4,O,ZONE,,BOX,7,2,MISSED FG,2,2,10,5,R,,,,,,,,,,,,,,,,,,,,,,,,,,,,,,,,,,,,,,,NICKEL,3-3-5,,,,,0,,RUN,,,,00:56,,'-25,,,,,,,3-0-1-1,11,75
242,"2504 Oklahoma State D vs Baylor , Play 033",SPLIT FIB,,0,,ODD,32 WK,"E/J-5, DBL MUG, W/J-DROP",M/E,,CHG,M+B,1,1 FUN,C,MAN,,,7,3,MISSED FG,2,3,5,7,R,,,,,,,,,BOSS,,,,,,,,,,,,,,,,,,,,,,,,,,,,,,NICKEL,3-3-5,,,,,0,,COMPLETE,,,,00:47,,'-30,,,,,,,3-0-1-1,11,70
243,"2504 Oklahoma State D vs Baylor , Play 034",DICE,,0,,EVEN,41 HEADS,W-APEX,J/T,,,,4,4 BKT,O,ZONE,,,7,4,MISSED FG,2,1,10,17,L,,,,,,,,,,,,,,,,,,,,,,,,,,,,,,,,,,,,,,,NICKEL,3-3-5,,,,,0,,COMPLETE,,,,00:34,,'-37,,,,,,,3-0-1-1,11,63
244,"2504 Oklahoma State D vs Baylor , Play 035",DICE,,0,,ODD,31 WK,W-APEX,,,FIRE,W-FIRE,4,4 SW,O,ZONE,,,7,5,MISSED FG,2,1,10,11,L,,,,,,,,,,,,,,,,,,,,,,,,,,,,,,,,,,,,,,,NICKEL,3-3-5,,,,,0,,COMPLETE,,,,00:21,,'+46,,,,,,,3-0-1-1,11,46
245,"2504 Oklahoma State D vs Baylor , Play 036",DICE,,0,,ODD,31 WDE,"W-APEX, E-DROP, M-GREENDOG",,,CHG,M-B,2,P 2 MAN,O,MAN,,3$,7,6,MISSED FG,2,1,10,0,R,,,,,,,,,,,,,,,,,,,,,,,,,,,,,,,,,,,,,,,DIME,2-3-6,,,,,0,,INCOMPLETE,,,,00:10,,'+35,,,,,,,3-0-1-1,11,35
246,"2504 Oklahoma State D vs Baylor , Play 037",BIN TRIO,,0,,EVEN,42 UG,LB BOSS,,,FIRE,CAT,3,BZ 3 BND,C,ZONE,,,8,1,TOUCHDOWN,3,1,10,2,R,,,,,,,,,,,,,,,,,,,,,,,,,,,,,,,,,,,,,,,NICKEL,3-3-5,,,,,0,,,,,,14:55,,'-14,,,,,,,3-0-1-1,11,86
247,"2504 Oklahoma State D vs Baylor , Play 038",BASH TRIO,,0,,EVEN,42 OG,,,,,,4,4 BKT,O,ZONE,,,8,2,TOUCHDOWN,3,2,8,11,R,,,,,,,,,MISSILE,,,,,,,,,,,,,,,,,,,,,,,,,,,,,,NICKEL,3-3-5,,,(D) OKST D03 DH,,0,,COMPLETE,,,,14:41,,'-16,,,,,,,3-0-1-1,11,84
248,"2504 Oklahoma State D vs Baylor , Play 039",TOP,,0,,ODD,32 WK,"LB BOSS, J-DROP",T/N,,CHG,M+B,3,3 FLD CHG,C,ZONE,,,8,3,TOUCHDOWN,3,1,10,73,R,,,,,,,,,,,,,,,,,,,,,,,,,,,,,,,,,,,,,,,NICKEL,3-3-5,,,,,0,,COMPLETE,,,,14:21,,'-27,,,,,,,3-0-1-1,11,73
249,"2504 Oklahoma State D vs Baylor , Play 040",DICE,,0,,ODD,32 WK,,,,,,3,3 BND,C,ZONE,,,9,1,FUMBLE,3,1,10,36,R,,,,,,,,,,,,,,,,,,,,,,,,,,,,,,,,,,,,,,,NICKEL,3-3-5,TXBA 22,,,,0,,COMPLETE,,,,13:20,,'-21,,,,,,,3-0-1-1,11,79
250,"2504 Oklahoma State D vs Baylor , Play 041",DUO,,0,,EVEN,42 UG,,,,FIRE,W-FIRE,3,BZ 3 BND,C,ZONE,,,10,1,PUNT,3,1,10,9,R,,,,,,,,,,,,,,,,,,,,,,,,,,,,,,,,,,,,,,,NICKEL,3-3-5,,,,,0,,,,,,12:01,,'-8,,,,,,,3-0-1-1,11,92
251,"2504 Oklahoma State D vs Baylor , Play 042",OFF FIST,,0,,ODD,31 WK,M-APEX,,,,,4,4 SPEC,O,ZONE,,,10,2,PUNT,3,2,1,3,R,,,,,,,,,,,,,,,,,,,,,,,,,,,,,,,,,,,,,,,NICKEL,3-3-5,,,,,0,,,,,,11:38,,'-17,,,,,,,3-0-1-1,11,83
252,"2504 Oklahoma State D vs Baylor , Play 043",TOP FIB,,0,,ODD,32 STR,"N-BND, LB BOW",,,,,4,4,O,ZONE,,N-BND,10,3,PUNT,3,1,10,0,R,,,,,,,,,FLARE,,,,,,,,,,,,,,,,,,,,,,,,,,,,,,NICKEL,3-3-5,,,,,0,,INCOMPLETE,,,,11:07,,'-20,,,,,,,3-0-1-1,11,80
253,"2504 Oklahoma State D vs Baylor , Play 044",TOP,,0,,EVEN,41 UG,M-APEX,,,,,3,3 BND,C,ZONE,,,10,4,PUNT,3,2,10,1,R,,,,,,,,,,,,,,,,,,,,,,,,,,,,,,,,,,,,,,,NICKEL,3-3-5,,,,,0,,COMPLETE,,,,11:01,,'-20,,,,,,,3-0-1-1,11,80
254,"2504 Oklahoma State D vs Baylor , Play 045",BASH TRIO,,0,,ODD,32 WK,"E/T-5, DBL MUG, NUW",,,FIRE,N-FIRE,1,BL 1,C,MAN,,,10,5,PUNT,3,3,9,0,R,,,,,,,,,,,,,,,,,,,,,,,,,,,,,,,,,,,,,,,NICKEL,3-3-5,,,,,0,,INCOMPLETE,,,,10:23,,'-21,,,,,,,3-0-1-1,11,79
255,"2504 Oklahoma State D vs Baylor , Play 046",DICE,,0,,ODD,32 WK,,T/J,,,,3,3 BND,C,ZONE,,,11,1,DOWNS,3,1,10,14,L,,,,,,,,,MOTOR,,,,,,,,,,,,,,,,,,,,,,,,,,,,,,NICKEL,3-3-5,,,,,0,,,,,,09:00,,'-36,,,,,,,3-0-1-1,11,64
256,"2504 Oklahoma State D vs Baylor , Play 047",TOP,,0,,EVEN,41 OG,M-APEX,,,,,4,4 SPEC,O,ZONE,,,11,2,DOWNS,3,1,10,4,R,,,,,,,,,,,,,,,,,,,,,,,,,,,,,,,,,,,,,,,NICKEL,3-3-5,,,,,0,,,,,,08:43,,'+50,,,,,,,3-0-1-1,11,50
257,"2504 Oklahoma State D vs Baylor , Play 048",DUO,,0,,ODD,32 WK,,,,,,4,4 SW,O,ZONE,,,11,3,DOWNS,3,2,6,0,R,,,,,,,,,,,,,,,,,,,,,,,,,,,,,,,,,,,,,,,NICKEL,3-3-5,,,TXBA 13 ING,,0,,THROWN AWAY,,,,08:13,,'+46,,,,,,,3-0-1-1,11,46
258,"2504 Oklahoma State D vs Baylor , Play 049",BASH TOP,,0,,EVEN,42 WDE,"M-MUG, N/WUW",,,HOT,"N-FIRE, W-FIRE",1,BL 1,C,MAN,,,11,4,DOWNS,3,3,10,8,C,,,,,,,,,,,,,,,,,,,,,,,,,,,,,,,,,,,,,,,NICKEL,3-3-5,,,,,0,,COMPLETE,,,,08:07,,'+50,,,,,,,3-0-1-1,11,50
259,"2504 Oklahoma State D vs Baylor , Play 050",XTRA TRIPS,,0,,EVEN,61 GAPS,,,,HOT,HOUSE,0,BL 0,O,MAN,,,11,5,DOWNS,3,4,2,'-3,L,,,,,,,,,,,,,,,,,,,,,,,,,,,,,,,,,,,,,,,BASE,4-3-4,,,,,0,,,,,,07:29,,'+42,,,,,,,2-0-1-2,12,42
260,"2504 Oklahoma State D vs Baylor , Play 051",BIN TRIO,,1,,EVEN,42 UG,LB BOSS,,,FIRE,CAT,3,BZ 3 BND,C,ZONE,,,12,1,FIELD GOAL,3,1,10,40,R,,,,,,,,,BOUNCE,,,,,,,,,,,,,,,,,,,,,,,,,,,,,,NICKEL,3-3-5,,,,,0,,COMPLETE,,,,05:22,,'-25,,,,,,,3-0-1-1,11,75
261,"2504 Oklahoma State D vs Baylor , Play 052",TOP FIB,,1,,EVEN,41 OG,"J-4i, N-BND, W-APEX",,,,,4,4 SPEC,O,ZONE,,N-BND,12,2,FIELD GOAL,3,1,10,5,R,,,,,,,,,,,,,,,,,,,,,,,,,,,,,,,,,,,,,,,NICKEL,3-3-5,,,,,0,,COMPLETE,,,,04:54,,'+35,,,,,,,3-0-1-1,11,35
262,"2504 Oklahoma State D vs Baylor , Play 053",FIST,,0,,NO PLAY,NO PLAY,,,,,,,,,,,,12,3,FIELD GOAL,3,2,5,0,R,,,,,,,,,,,,,,,,,,,,,,,,,,,,,,,,,,,,,,,NICKEL,3-3-5,,,TXBA 72 FST,,0,,,,,,04:30,,'+30,,,,,,,3-0-1-1,11,30
263,"2504 Oklahoma State D vs Baylor , Play 054",DICE,,0,,EVEN,41 UG,W-APEX,,,,,4,4 SW,O,ZONE,,,12,4,FIELD GOAL,3,2,10,9,R,,,,,,,,,MOTOR,,,,,,,,,,,,,,,,,,,,,,,,,,,,,,NICKEL,3-3-5,,,,,0,,,,,,04:20,,'+35,,,,,,,3-0-1-1,11,35
264,"2504 Oklahoma State D vs Baylor , Play 055",DUO,,0,,EVEN,42 OG,,,,,,4,4 SW,O,ZONE,,,12,5,FIELD GOAL,3,3,1,3,R,,,,,,,,,,,,,,,,,,,,,,,,,,,,,,,,,,,,,,,NICKEL,3-3-5,,,,,0,,,,,,03:49,,'+26,,,,,,,3-0-1-1,11,26
265,"2504 Oklahoma State D vs Baylor , Play 056",DICE,,0,,ODD,31 STR,"M-APEX, N-BND",,,,,3,3 FLD,C,ZONE,,,12,6,FIELD GOAL,3,1,10,0,R,,,,,,,,,FLARE,,,,,,,,,,,,,,,,,,,,,,,,,,,,,,NICKEL,3-3-5,,,,,0,,LATERAL,,,,03:16,,'+23,,,,,,,3-0-1-1,11,23
266,"2504 Oklahoma State D vs Baylor , Play 057",DUO,,0,,ODD,32 WK,,,,FIRE,F$-FIRE,2,BZ 2,O,ZONE,CLD,,12,7,FIELD GOAL,3,2,10,3,L,,,,,,,,,,,,,,,,,,,,,,,,,,,,,,,,,,,,,,,NICKEL,3-3-5,,,,,0,,,,,,02:43,,'+23,,,,,,,3-0-1-1,11,23
267,"2504 Oklahoma State D vs Baylor , Play 058",TRIO,,0,,EVEN,42 OG,LB BOSS,,,,,3,3 BND,C,ZONE,,,12,8,FIELD GOAL,3,3,7,9,L,,,,,,,,,,,,,,,,,,,,,,,,,,,,,,,,,,,,,,,NICKEL,3-3-5,,,,,0,,,,,,02:04,,'+20,,,,,,,3-0-1-1,11,20
268,"2504 Oklahoma State D vs Baylor , Play 059",BASH FIST,,0,,ODD,31 WK,M-APEX,,,,,4,4,O,ZONE,,,12,9,FIELD GOAL,3,1,10,3,L,,,,,,,,,ZOOM,,,,,,,,,,,,,,,,,,,,,,,,,,,,,,NICKEL,3-3-5,,,TXBA 69 OH,,0,,,,,,01:37,,'+11,,,,,,,3-0-1-1,11,11
269,"2504 Oklahoma State D vs Baylor , Play 060",DUO FIB,,1,,NO PLAY,,,,,,,,,,,,,12,10,FIELD GOAL,3,1,20,0,L,,,,,,,,,FLARE,,,,,,,,,,,,,,,,,,,,,,,,,,,,,,NICKEL,3-3-5,,,TXBA 72 FST,,0,,,,,,01:16,,'+21,,,,,,,3-0-1-1,11,21
270,"2504 Oklahoma State D vs Baylor , Play 061",TOP,,0,,EVEN,41 OG,M-APEX,,,,,4,4 SW,O,ZONE,,,12,11,FIELD GOAL,3,1,25,0,L,,,,,,,,,MOTOR,,,,,,,,,,,,,,,,,,,,,,,,,,,,,,NICKEL,3-3-5,,,,,0,,,,,,01:03,,'+26,,,,,,,3-0-1-1,11,26
271,"2504 Oklahoma State D vs Baylor , Play 062",DICE,,0,,ODD,31 WK,"W-APEX, J-DROP",,,,,3,P 3 BND,C,ZONE,P,,12,12,FIELD GOAL,3,2,25,7,L,,,,,,,,,,,,,,,,,,,,,,,,,,,,,,,,,,,,,,,NICKEL,3-3-5,,,,,0,,COMPLETE,,,,00:28,,'+26,,,,,,,3-0-1-1,11,26
272,"2504 Oklahoma State D vs Baylor , Play 063",BIN DICE,,0,,EVEN,41 OG,W-APEX,,,,,3,3 BUZZ BND,C,ZONE,,,12,13,FIELD GOAL,4,3,18,0,R,,,,,,,,,FLARE,,,,,,,,,,,,,,,,,,,,,,,,,,,,,,NICKEL,3-3-5,,,,,0,,INCOMPLETE,,,,15:00,,'+19,,,,,,,3-0-1-1,11,19
273,"2504 Oklahoma State D vs Baylor , Play 064",BIN TRIO FIB,,1,,ODD,32 STR,"LB BOW, N-BND",,,,,4,4,O,ZONE,,N-BND,13,1,TOUCHDOWN,4,1,10,5,R,,,,,,,,,,,,,,,,,,,,,,,,,,,,,,,,,,,,,,,NICKEL,3-3-5,,,TXBA 69 OH,,0,,,,,,12:00,,'-11,,,,,,,3-0-1-1,11,89
274,"2504 Oklahoma State D vs Baylor , Play 065",TOP FIB,,1,,ODD,32 STR,"STEM, LB BOW, N-BND",,,,,4,4,O,ZONE,,,13,2,TOUCHDOWN,4,1,15,5,R,,,,,,,,,MOTOR,,,,,,,,,,,,,,,,,,,,,,,,,,,,,,NICKEL,3-3-5,,,,,0,,,,,,11:44,,'-6,,,,,,,3-0-1-1,11,94
275,"2504 Oklahoma State D vs Baylor , Play 066",DICE,,0,,EVEN,42 OG,,,,,,4,4 BKT,O,ZONE,,,13,3,TOUCHDOWN,4,2,10,5,C,,,,,,,,,,,,,,,,,,,,,,,,,,,,,,,,,,,,,,,NICKEL,3-3-5,,,,,0,,COMPLETE,,,,11:15,,'-11,,,,,,,3-0-1-1,11,89
276,"2504 Oklahoma State D vs Baylor , Play 067",DUO,,0,,EVEN,42 OG,,T/E,J/N,,,4,4 SPEC,O,ZONE,,,13,4,TOUCHDOWN,4,3,5,7,R,,,,,,,,,BOUNCE,,,,,,,,,,,,,,,,,,,,,,,,,,,,,,NICKEL,3-3-5,,,,,0,,COMPLETE,,,,10:50,,'-16,,,,,,,3-0-1-1,11,84
277,"2504 Oklahoma State D vs Baylor , Play 068",TOP,,0,,ODD,31 WK,M-APEX,T/J,,,,4,4 SPEC,O,ZONE,,,13,5,TOUCHDOWN,4,1,10,2,L,,,,,,,,,,,,,,,,,,,,,,,,,,,,,,,,,,,,,,,NICKEL,3-3-5,,,TXBA 69 OH,,0,,,,,,10:23,,'-23,,,,,,,3-0-1-1,11,77
278,"2504 Oklahoma State D vs Baylor , Play 069",SPLIT FIB,,0,,ODD,32 STR,N-BND,T/N,,,,4,4,O,ZONE,,N-BND,13,6,TOUCHDOWN,4,1,20,0,L,,,,,,,,,BOSS,,,,,,,,,,,,,,,,,,,,,,,,,,,,,,NICKEL,3-3-5,,,(D) TXBA 74 OH,,0,,INCOMPLETE,,,,09:58,,'-13,,,,,,,3-0-1-1,11,87
279,"2504 Oklahoma State D vs Baylor , Play 070",BIN TRIO,,0,,EVEN,42 OG,LB BOSS,,,,,4,4,O,ZONE,,,13,7,TOUCHDOWN,4,2,20,9,L,,,,,,,,,,,,,,,,,,,,,,,,,,,,,,,,,,,,,,,NICKEL,3-3-5,,,,,0,,COMPLETE,,,,09:52,,'-13,,,,,,,3-0-1-1,11,87
280,"2504 Oklahoma State D vs Baylor , Play 071",TOP,,0,,EVEN,42 OG,,,,,,2,2 TAMPA,O,ZONE,,,13,8,TOUCHDOWN,4,3,11,35,C,,,,,,,,,,,,,,,,,,,,,,,,,,,,,,,,,,,,,,,NICKEL,3-3-5,,,,,0,,COMPLETE,,,,09:14,,'-22,,,,,,,3-0-1-1,11,78
281,"2504 Oklahoma State D vs Baylor , Play 072",DUO,,0,,ODD,32 WK,,,,,,4,4 SW,O,ZONE,,,13,9,TOUCHDOWN,4,1,10,7,L,,,,,,,,,,,,,,,,,,,,,,,,,,,,,,,,,,,,,,,NICKEL,3-3-5,,,,,0,,,,,,08:33,,'+43,,,,,,,3-0-1-1,11,43
282,"2504 Oklahoma State D vs Baylor , Play 073",TRIO,,0,,EVEN,42 UG,E-DROP,,,CHG,W-A,3,3 BND CHG,C,ZONE,,,13,10,TOUCHDOWN,4,2,3,0,L,,,,,,,,,BOUNCE,,,,,,,,,,,,,,,,,,,,,,,,,,,,,,NICKEL,3-3-5,,,,,0,,,,,,08:07,,'+36,,,,,,,3-0-1-1,11,36
283,"2504 Oklahoma State D vs Baylor , Play 074",DUO,,0,,ODD,51 MU,N-SHADE,N/T,,FIRE,M-FIRE,1,BL 1,C,MAN,,,13,11,TOUCHDOWN,4,3,3,5,L,,,,,,,,,,,,,,,,,,,,,,,,,,,,,,,,,,,,,,,NICKEL,3-3-5,,,,,0,,,,,,07:25,,'+36,,,,,,,3-0-1-1,11,36
284,"2504 Oklahoma State D vs Baylor , Play 075",BASH DUO,,0,,EVEN,42 UG,LB BOSS,,,FIRE,M-FIRE,3,3 BND,C,ZONE,,,13,12,TOUCHDOWN,4,1,10,0,L,,,,,,,,,BOSS,,,,,,,,,,,,,,,,,,,,,,,,,,,,,,NICKEL,3-3-5,,,OKST D01 DPI,,0,,INCOMPLETE,,,,06:48,,'+31,,,,,,,3-0-1-1,11,31
285,"2504 Oklahoma State D vs Baylor , Play 076",DUO,,0,,EVEN,42 UG,,,,FIRE,M-FIRE,3,3 BND,C,ZONE,,,13,13,TOUCHDOWN,4,1,10,0,L,,,,,,,,,,,,,,,,,,,,,,,,,,,,,,,,,,,,,,,NICKEL,3-3-5,,,OKST D10 DPI,,0,,INCOMPLETE,,,,06:41,,'+16,,,,,,,3-0-1-1,11,16
286,"2504 Oklahoma State D vs Baylor , Play 077",STICK TOP,,0,,EVEN,42 EAGLE UN,,,,FIRE,M+A,0,BL 0,O,MAN,,,13,14,TOUCHDOWN,4,1,2,2,L,,,,,,,,,MOTOR,,,,,,,,,,,,,,,,,,,,,,,,,,,,,,BASE,4-3-4,,,,,0,,,,,,06:36,,'+2,,,,,,,3-0-1-1,11,2
287,"2504 Oklahoma State D vs Baylor , Play 078",TOP FIB,,1,,ODD,51 MU,N-BND,,,FIRE,M-FIRE,1,BL 1,C,MAN,,N-BND,14,1,END OF GAME,4,1,10,3,L,,,,,,,,,MOTOR,,,,,,,,,,,,,,,,,,,,,,,,,,,,,,NICKEL,3-3-5,,,,,0,,,,,,04:15,,'+45,,,,,,,3-0-1-1,11,45
288,"2504 Oklahoma State D vs Baylor , Play 079",TOP,,0,,ODD,51 MU,,,,FIRE,M-FIRE,1,BL 1,C,MAN,,,14,2,END OF GAME,4,2,7,6,L,,,,,,,,,MOTOR,,,,,,,,,,,,,,,,,,,,,,,,,,,,,,NICKEL,3-3-5,,,,,0,,,,,,03:30,,'+42,,,,,,,3-0-1-1,11,42
289,"2504 Oklahoma State D vs Baylor , Play 080",TOP FIB,,1,,ODD,51 MU,N-SHADE,N/T,,FIRE,M-FIRE,1,BL 1,C,MAN,,,14,3,END OF GAME,4,3,1,0,L,,,,,,,,,MOTOR,,,,,,,,,,,,,,,,,,,,,,,,,,,,,,NICKEL,3-3-5,,,,,0,,,,,,02:46,,'+36,,,,,,,3-0-1-1,11,36
290,"2504 Oklahoma State D vs Baylor , Play 081",TOP,,0,,EVEN,42 HEADS,"NUW, M-MUG",,,,,1,BL 1,C,MAN,,,14,4,END OF GAME,4,4,1,3,L,,,,,,,,,MOTOR,,,,,,,,,,,,,,,,,,,,,,,,,,,,,,NICKEL,3-3-5,,,,,0,,,,,,02:08,,'+36,,,,,,,3-0-1-1,11,36
291,"2504 Oklahoma State D vs Baylor , Play 082",DUO FIB,,1,,ODD,51 MU,,,,FIRE,M-FIRE,1,BL 1,C,MAN,,,14,5,END OF GAME,4,1,10,4,L,,,,,,,,,MOTOR,,,,,,,,,,,,,,,,,,,,,,,,,,,,,,BASE,4-3-4,,,,,0,,,,,,02:00,,'+33,,,,,,,2-0-1-2,12,33
292,"2504 Oklahoma State D vs Baylor , Play 083",DUO FIB,,1,,ODD,51 MU,E-7,,,,,1,BL 1,C,MAN,,,14,6,END OF GAME,4,2,6,2,C,,,,,,,,,MOTOR,,,,,,,,,,,,,,,,,,,,,,,,,,,,,,BASE,4-3-4,,,,,0,,,,,,01:19,,'+29,,,,,,,2-0-1-2,12,29
293,"2504 Oklahoma State D vs Baylor , Play 084",DIAMOND,,0,,ODD,51 MU,,,,FIRE,M-FIRE,1,BL 1,C,MAN,,,14,7,END OF GAME,4,3,4,1,C,,,,,,,,,,,,,,,,,,,,,,,,,,,,,,,,,,,,,,,BASE,4-3-4,,,,,0,,,,,,00:37,,'+27,,,,,,,2-0-1-2,12,27
294,"2601 UAB D @ Illinois, Play 001",DICE,,0,,ODD,32 WK,W-APEX,,,,,3,3 BUZZ BND,C,ZONE,,MATCH,1,1,TOUCHDOWN,1,1,10,7,R,,,,,,,,,MOTOR,,,,,,,,,,,,,,,,,,,,,,,,,,,,,,NICKEL,2-4-5,,,,,0,,,,,,08:58,,'+30,,,,,,,3-0-1-1,11,30
295,"2601 UAB D @ Illinois, Play 002",DOUBLE,,0,,ODD,32 WK,,,,,,4,4,O,ZONE,,,1,2,TOUCHDOWN,1,2,3,5,R,,,,,,,,,ZIP,,,,,,,,,,,,,,,,,,,,,,,,,,,,,,NICKEL,2-4-5,,,,,0,,COMPLETE,,,,08:33,,'+23,,,,,,,3-0-1-1,11,23
296,"2601 UAB D @ Illinois, Play 003",BASH DUO,,0,,EVEN,42 UN,J-DROP,,,CHG,N-FIRE,3,3 FLD CHG,C,ZONE,,GRAB/BUST BND,1,3,TOUCHDOWN,1,1,10,18,R,,,,,,,,,,,,,,,,,,,,,,,,,,,,,,,,,,,,,,,NICKEL,2-4-5,,,,,0,,COMPLETE,,,,08:00,,'+18,,,,,,,3-0-1-1,11,18
297,"2601 UAB D @ Illinois, Play 004",DUO,,0,,ODD,32 WK,,,,,,4,4,O,ZONE,,,2,1,TOUCHDOWN,1,1,10,17,C,,,,,,,,,,,,,,,,,,,,,,,,,,,,,,,,,,,,,,,NICKEL,3-3-5,,,,,0,,,,,,02:24,,'-25,,,,,,,3-0-1-1,11,75
298,"2601 UAB D @ Illinois, Play 005",BIN DIAMOND,,0,,ODD,32 WK,,,,,,3,3 BND,C,ZONE,,,2,2,TOUCHDOWN,1,1,10,7,L,,,,,,,,,,,,,,,,,,,,,,,,,,,,,,,,,,,,,,,NICKEL,3-3-5,,,,,0,,RUN,,,,01:58,,'-42,,,,,,,2-0-1-2,12,58
299,"2601 UAB D @ Illinois, Play 006",DICE,,1,,ODD,32 WK,J-DROP,T/N,,CHG,M+B,3,3 FLD CHG,C,ZONE,,,2,3,TOUCHDOWN,1,2,3,51,R,,,,,,,,,NEAR,MOTOR,,,,,,,,,,,,,,,,,,,,,,,,,,,,,NICKEL,3-3-5,,,,,0,,,,,,01:28,,'-49,,,,,,,2-0-1-2,12,51
300,"2601 UAB D @ Illinois, Play 007",BIN TRIPS,,1,,EVEN,42 OG,LB BOSS,,,,,1,1 FUN,C,MAN,,,3,1,PUNT,2,1,10,1,L,,,,,,,,,,,,,,,,,,,,,,,,,,,,,,,,,,,,,,,HEAVY,3-5-3,,,,,0,,,,,,11:29,,'-2,,,,,,,1-0-1-3,13,98
301,"2601 UAB D @ Illinois, Play 008",BIN TRIPS,,1,,ODD,52,"LB BOSS, E-5",,,,,3,3 FLD,C,ZONE,,,3,2,PUNT,2,2,9,'-1,L,,,,,,,,,,,,,,,,,,,,,,,,,,,,,,,,,,,,,,,BASE,2-5-4,,,,,0,,,,,,10:56,,'-3,,,,,,,1-0-1-3,13,97
302,"2601 UAB D @ Illinois, Play 009",DICE,,0,,EVEN,41 UG,W-APEX,,,,,3,3 BUZZ BND,C,ZONE,,MATCH,3,3,PUNT,2,3,10,6,L,,,,,,,,,MOTOR,,,,,,,,,,,,,,,,,,,,,,,,,,,,,,NICKEL,2-4-5,,,,,0,,,,,,10:12,,'-2,,,,,,,3-0-1-1,11,98
303,"2601 UAB D @ Illinois, Play 010",DUO,,0,,ODD,32 WK,,,,,,4,4,O,ZONE,,,4,1,DOWNS,2,1,10,0,C,,,,,,,,,,,,,,,,,,,,,,,,,,,,,,,,,,,,,,,NICKEL,2-4-5,,,,,0,,THROWN AWAY,,,,05:50,,'-25,,,,,,,3-0-1-1,11,75
304,"2601 UAB D @ Illinois, Play 011",DUO,,0,,ODD,30 WK,M/W-APEX,,,,,4,4 SPEC,O,ZONE,,BOX TO BUNCH,4,2,DOWNS,2,2,10,4,C,,,,,,,,,SHIFT,,,,,,,,,,,,,,,,,,,,,,,,,,,,,,NICKEL,2-4-5,,,,,0,,COMPLETE,,,,05:44,,'-25,,,,,,,3-0-1-1,11,75
305,"2601 UAB D @ Illinois, Play 012",BIN TRIO,,0,,EVEN,42 WDE,"DBL MUG, E-PEEL",W/N,,CHG,W+A,1,BL 1 CHG,C,MAN,,,4,3,DOWNS,2,3,6,0,R,,,,,,,,,,,,,,,,,,,,,,,,,,,,,,,,,,,,,,,NICKEL,2-4-5,,,ALBI D05 DPI,,0,,INCOMPLETE,,,,05:06,,'-29,,,,,,,3-0-1-1,11,71
306,"2601 UAB D @ Illinois, Play 013",BIN DIAMOND,,0,,ODD,32 WK,,,,,,4,4,O,ZONE,,,4,4,DOWNS,2,1,10,0,R,,,,,,,,,,,,,,,,,,,,,,,,,,,,,,,,,,,,,,,NICKEL,2-4-5,,,,,0,,,,,,05:00,,'-41,,,,,,,2-0-1-2,12,59
307,"2601 UAB D @ Illinois, Play 014",DUO,,0,,EVEN,42 OG,LB BOW,T/E,,,,6,6 FLD,O,ZONE,CLD,CUT TO FLD,4,5,DOWNS,2,2,10,7,R,,,,,,,,,,,,,,,,,,,,,,,,,,,,,,,,,,,,,,,NICKEL,2-4-5,,,,,0,,COMPLETE,,,,04:26,,'-41,,,,,,,3-0-1-1,11,59
308,"2601 UAB D @ Illinois, Play 015",FIN FIB,,1,,ODD,32 WK,J/E-5,,,FIRE,CHOP,3,BZ 3 BND,C,ZONE,,,4,6,DOWNS,2,3,3,2,L,,,,,,,,,MOTOR,,,,,,,,,,,,,,,,,,,,,,,,,,,,,,NICKEL,2-4-5,,,,,0,,,,,,03:43,,'-48,,,,,,,2-0-2-1,21,52
309,"2601 UAB D @ Illinois, Play 016",HEAVY,,0,,EVEN,42 HEADS,J-4i,,,FIRE,W+A,0,BL 0,O,MAN,,,4,7,DOWNS,2,4,1,0,L,,,,,,,,,MO,,,,,,,,,,,,,,,,,,,,,,,,,,,,,,NICKEL,3-3-5,,,,,0,,,,,,03:08,,'+50,,,,,,,2-0-2-1,21,50
310,"2601 UAB D @ Illinois, Play 017",TOP,,0,,EVEN,42 OG,,T/E,J/N,,,3,3 BUZZ FLD,C,ZONE,,,5,1,TOUCHDOWN,2,1,10,12,R,,,,,,,,,,,,,,,,,,,,,,,,,,,,,,,,,,,,,,,NICKEL,2-4-5,,,,,0,,COMPLETE,,,,00:13,,'-34,,,,,,,3-0-1-1,11,66
311,"2601 UAB D @ Illinois, Play 018",TOP,,0,,EVEN,42 WDE,,,,,,3,3 BUZZ FLD,C,ZONE,,,5,2,TOUCHDOWN,2,1,10,0,L,,,,,,,,,,,,,,,,,,,,,,,,,,,,,,,,,,,,,,,NICKEL,2-4-5,,,,,0,,INCOMPLETE,,,,00:07,,'-46,,,,,,,3-0-1-1,11,54
312,"2601 UAB D @ Illinois, Play 019",DICE,,0,,ODD,11,,,,,,PREV,PREVENT,C,ZONE,,,5,3,TOUCHDOWN,2,2,10,54,L,,,,,,,,,,,,,,,,,,,,,,,,,,,,,,,,,,,,,,,DIME,1-4-6,,,,,0,,COMPLETE,,,,00:04,,'-46,,,,,,,4-0-1-0,10,54
313,"2601 UAB D @ Illinois, Play 020",BIN TRIO,,1,,ODD,32 WK,STEM,,,,,4,4,O,ZONE,,,6,1,TOUCHDOWN,3,1,10,'-1,R,,,,,,,,,BOUNCE,,,,,,,,,,,,,,,,,,,,,,,,,,,,,,NICKEL,2-4-5,,,,,0,,,,,,15:00,,'-25,,,,,,,3-0-1-1,11,75
314,"2601 UAB D @ Illinois, Play 021",BIN TRIO,,0,,EVEN,42 OG,LB BOW,T/E,,,,4,4,O,ZONE,,PALMS,6,2,TOUCHDOWN,3,2,11,15,C,,,,,,,,,,,,,,,,,,,NAIL,,,,,,,,,,,,,,,,,,,,NICKEL,2-4-5,,,,,0,,COMPLETE,,,,14:28,,'-24,,,,,,,3-0-1-1,11,76
315,"2601 UAB D @ Illinois, Play 022",FIST,,0,,ODD,32 WK,LB BOSS,,,,,4,4 SPEC,O,ZONE,,,6,3,TOUCHDOWN,3,1,10,0,L,,,,,,,,,,,,,,,,,,,,,,,,,,,,,,,,,,,,,,,NICKEL,2-4-5,,,,,0,,INCOMPLETE,,,,14:06,,'-39,,,,,,,3-0-1-1,11,61
316,"2601 UAB D @ Illinois, Play 023",DUO,,0,,EVEN,42 UG,,,,FIRE,CAT,1,BL 1,C,MAN,,,6,4,TOUCHDOWN,3,2,10,9,L,,,,,,,,,,,,,,,,,,,,,,,,,,,,,,,,,,,,,,,NICKEL,2-4-5,,,,,0,,COMPLETE,,,,14:02,,'-39,,,,,,,3-0-1-1,11,61
317,"2601 UAB D @ Illinois, Play 024",BIN TRIO FIB,,1,,EVEN,42 UN,LB BOW,,,FIRE,N-FIRE,3,BZ 3 FLD,C,ZONE,,N-BND,6,5,TOUCHDOWN,3,3,1,2,L,,,,,,,,,,,,,,,,,,,,,,,,,,,,,,,,,,,,,,,NICKEL,2-4-5,,,,,0,,,,,,13:36,,'-48,,,,,,,3-0-1-1,11,52
318,"2601 UAB D @ Illinois, Play 025",XTRA SPIN,,0,,EVEN,32 STR,LB BOSS,,,,,1,1 FUN,C,MAN,,,6,6,TOUCHDOWN,3,1,10,4,C,,,,,,,,,BURN,,,,,,,,,,,,,,,,,,,,,,,,,,,,,,NICKEL,2-4-5,,,,,0,,,,,,12:45,,'+50,,,,,,,2-0-2-1,21,50
319,"2601 UAB D @ Illinois, Play 026",FIN,,0,,ODD,32 WK,STEM,,,,,4,4 SOLO,O,ZONE,,,6,7,TOUCHDOWN,3,2,6,16,R,,,,,,,,,,,,,,,,,,,FN LT LOAD JAX LT VS 9,PHILLY VS 6,,,,,,,,,,,,,,,,,,,NICKEL,2-4-5,,,,,0,,RUN,,,,12:06,,'+46,,,,,,,2-0-2-1,21,46
320,"2601 UAB D @ Illinois, Play 027",DOUBLE,,0,,EVEN,42 HEADS,WUW,,,,,3,3 BND,C,ZONE,,MATCH,6,8,TOUCHDOWN,3,1,10,2,R,,,,,,,,,,,,,,,,,,,,,,,,,,,,,,,,,,,,,,,NICKEL,3-3-5,,,,,0,,,,,,11:30,,'+30,,,,,,,3-0-1-1,11,30
321,"2601 UAB D @ Illinois, Play 028",TRIO,,0,,EVEN,42 UN,,,,FIRE,B$-FIRE,1,BL 1,C,MAN,,,6,9,TOUCHDOWN,3,2,8,7,L,,,,,,,,,,,,,,,,,,,,,,,,,,,,,,,,,,,,,,,NICKEL,3-3-5,,,,,0,,,,,,11:07,,'+28,,,,,,,3-0-1-1,11,28
322,"2601 UAB D @ Illinois, Play 029",XTRA BIN TRIO,,0,,EVEN,42 TITE,LB BOSS,,,,,1,1 FUN,C,MAN,,,6,10,TOUCHDOWN,3,3,1,7,L,,,,,,,,,,,,,,,,,,,,,,,,,,,,,,,,,,,,,,,NICKEL,3-3-5,,,,,0,,,,,,10:42,,'+21,,,,,,,3-0-1-1,11,21
323,"2601 UAB D @ Illinois, Play 030",DUO FIB,,1,,ODD,32 WK,J-DROP,N-PIRATE,,CHG,M+A,3,3 BND CHG,C,ZONE,,,6,11,TOUCHDOWN,3,1,10,14,L,,,,,,,,,FLY,,,,,,,,,,,,,,,,,,,,,,,,,,,,,,NICKEL,3-3-5,,,,,0,,COMPLETE,,,,10:15,,'+14,,,,,,,3-0-1-1,11,14
324,"2601 UAB D @ Illinois, Play 031",TRIPS,,1,,EVEN,42 UN,WUW,N/T,,,,3,3 BND,C,ZONE,,,7,1,TOUCHDOWN,3,1,10,1,R,,,,,,,,,STRIDE,,,,,,,,,,,,,,,,,,,,,,,,,,,,,,NICKEL,2-4-5,,,,,0,,,,,,03:58,,'-25,,,,,,,2-0-1-2,12,75
325,"2601 UAB D @ Illinois, Play 032",DUO,,0,,EVEN,42 UG,J-DROP,,,CHG,N-FIRE,3,3 FLD CHG,C,ZONE,,,7,2,TOUCHDOWN,3,2,9,7,R,,,,,,,,,,,,,,,,,,,,,,,,,,,,,,,,,,,,,,,NICKEL,2-4-5,,,,,0,,COMPLETE,,,,03:22,,'-26,,,,,,,3-0-1-1,11,74
326,"2601 UAB D @ Illinois, Play 033",FLANK,,0,,EVEN,42 UN,,,,,,1,1 FUN,C,MAN,,,7,3,TOUCHDOWN,3,3,2,9,L,,,,,,,,,,,,,,,,,,,,,,,,,,,,,,,,,,,,,,,NICKEL,2-4-5,,,,,0,,COMPLETE,,,,02:50,,'-33,,,,,,,2-0-1-2,12,67
327,"2601 UAB D @ Illinois, Play 034",DUO,,0,,ODD,32 WK,,,,,,4,4,O,ZONE,,,7,4,TOUCHDOWN,3,1,10,6,R,,,,,,,,,,,,,,,,,,,,,,,,,,,,,,,,,,,,,,,NICKEL,2-4-5,,,,,0,,,,,,02:21,,'-42,,,,,,,3-0-1-1,11,58
328,"2601 UAB D @ Illinois, Play 035",TRIO,,0,,EVEN,42 OV,,,,,,3,3 FLD,C,ZONE,,,7,5,TOUCHDOWN,3,2,4,3,R,,,,,,,,,,,,,,,,,,,,,,,,,,,,,,,,,,,,,,,NICKEL,2-4-5,,,,,0,,,,,,01:59,,'-48,,,,,,,3-0-1-1,11,52
329,"2601 UAB D @ Illinois, Play 036",BASH FLANK,,0,,EVEN,42 UN,,,,FIRE,N-FIRE,1,BL 1,C,MAN,,,7,6,TOUCHDOWN,3,3,1,0,R,,,,,,,,,,,,,,,,,,,,,,,,,,,,,,,,,,,,,,,NICKEL,2-4-5,,,,,0,,,,,,01:16,,'+49,,,,,,,2-0-1-2,12,49
330,"2601 UAB D @ Illinois, Play 037",HEAVY,,0,,EVEN,42 OG,,,,FIRE,M+A,0,BL 0,O,MAN,,,7,7,TOUCHDOWN,3,4,1,1,C,,,,,,,,,,,,,,,,,,,,,,,,,,,,,,,,,,,,,,,HEAVY,3-5-3,,,,,0,,,,,,00:33,,'+49,,,,,,,1-0-2-2,22,49
331,"2601 UAB D @ Illinois, Play 038",BASH DOUBLE,,0,,EVEN,42 HEADS,WUW,,,,,`,3 BND,C,ZONE,??,,7,8,TOUCHDOWN,4,1,10,11,R,,,,,,,,,ZIP,,,,,,,,,,,,,,,,,,,,,,,,,,,,,,NICKEL,3-3-5,,,,,0,,COMPLETE,,,,15:00,,'+48,,,,,,,3-0-1-1,11,48
332,"2601 UAB D @ Illinois, Play 039",BIN DEUCE,,1,,EVEN,42 UN,WUW,,,,,3,3 BND,C,ZONE,,,7,9,TOUCHDOWN,4,1,10,4,L,,,,,,,,,MO,,,,,,,,,,,,,,,,,,,,,,,,,,,,,,NICKEL,3-3-5,,,,,0,,,,,,14:24,,'+37,,,,,,,2-0-1-2,12,37
333,"2601 UAB D @ Illinois, Play 040",XTRA BIN TRIO,,0,,EVEN,42 OV,,N/T,,FIRE,W-B,1,BL 1,C,MAN,,,7,10,TOUCHDOWN,4,2,6,17,L,,,,,,,,,BURN,,,,,,,,,,,,,,,,,,,,,,,,,,,,,,NICKEL,3-3-5,,,,,0,,COMPLETE,,,,14:03,,'+33,,,,,,,3-0-1-1,11,33
334,"2601 UAB D @ Illinois, Play 041",BASH FIST,,0,,EVEN,42 UN,,,,,,3,3 FLD,C,ZONE,,,7,11,TOUCHDOWN,4,1,10,3,R,,,,,,,,,NEAR,,,,,,,,,,,,,,,,,,,,,,,,,,,,,,NICKEL,3-3-5,,,,,0,,,,,,13:22,,'+16,,,,,,,2-0-1-2,12,16
335,"2601 UAB D @ Illinois, Play 042",BIN DICE,,0,,ODD,32 WK,"J-DROP, M-GREENDOG",,,CHG,W-A,3,3 FLD CHG,C,ZONE,,GRAB/BUST BND,7,12,TOUCHDOWN,4,2,7,0,R,,,,,,,,,,,,,,,,,,,,,,,,,,,,,,,,,,,,,,,NICKEL,3-3-5,,,,,0,,THROWN AWAY,,,,12:39,,'+13,,,,,,,3-0-1-1,11,13
336,"2601 UAB D @ Illinois, Play 043",BASH FIST,,0,,EVEN,42 WDE,W-CHOKE,,,,,2,2 MAN,O,MAN,,,7,13,TOUCHDOWN,4,3,7,0,R,,,,,,,,,BOUNCE,,,,,,,,,,,,,,,,,,,,,,,,,,,,,,NICKEL,2-4-5,,,ALBI D09 ILHd,,0,,INCOMPLETE,,,,12:34,,'+13,,,,,,,3-0-1-1,11,13
337,"2601 UAB D @ Illinois, Play 044",BIN DEUCE,,0,,EVEN,42 OV SOLID,,T-PIRATE,,,,0,BL 0,O,MAN,,,7,14,TOUCHDOWN,4,1,6,6,R,,,,,,,,,,,,,,,,,,,,,,,,,,,,,,,,,,,,,,,BASE,3-4-4,,,,,0,,RUN,,,,12:30,,'+6,,,,,,,2-0-1-2,12,6
338,"2601 UAB D @ Illinois, Play 045",VICTORY,,0,,VICTORY,,,,,,,4,4,O,ZONE,,,8,1,END OF GAME,4,1,10,'-1,C,,,,,,,,,,,,,,,,,,,,,,,,,,,,,,,,,,,,,,,BASE,3-4-4,,,,,0,,,,,,00:09,,'-25,,,,,,,1-0-1-2 (+Q),12,75